"Year","Rnd","DT","OvPck","FrRnd","RdPck","Tm","Signed","Bonus","Name","Pos","WAR","G_bat","AB","HR","BA","OPS","G_pitch","W","L","ERA","WHIP","SV","Type","Drafted Out of"
"2005","1","","1","FrRnd","1","Diamondbacks","Y","$6,100,000","Justin Upton (minors)","SS","32.7","1828","6673","324",".262",".814","","","","","","","HS","Great Bridge HS (Chesapeake, VA)"
"2005","1","","2","FrRnd","2","Royals","Y","$4,000,000","Alex Gordon (minors)","3B","34.4","1753","6391","190",".257",".749","2","0","0","19.29","4.29","0","4Yr","University of Nebraska-Lincoln (Lincoln, NE)"
"2005","1","","3","FrRnd","3","Mariners","Y","$3,400,000","Jeff Clement (minors)","C","-1.2","152","385","14",".218",".648","","","","","","","4Yr","University of Southern California (Los Angeles, CA)"
"2005","1","","4","FrRnd","4","Nationals","Y","$2,975,000","Ryan Zimmerman (minors)","3B","40.1","1799","6654","284",".277",".816","","","","","","","4Yr","University of Virginia (Charlottesville, VA)"
"2005","1","","5","FrRnd","5","Brewers","Y","$2,450,000","Ryan Braun (minors)","3B","47.1","1766","6622","352",".296",".891","","","","","","","4Yr","University of Miami (Coral Gables, FL)"
"2005","1","","6","FrRnd","6","Blue Jays","Y","$2,400,000","Ricky Romero (minors)","LHP","9.9","8","21","0",".095",".190","129","51","45","4.16","1.40","0","4Yr","California State University, Fullerton (Fullerton, CA)"
"2005","1","","7","FrRnd","7","Rockies","Y","$2,300,000","Troy Tulowitzki (minors)","SS","44.5","1291","4804","225",".290",".856","","","","","","","4Yr","California State University, Long Beach (Long Beach, CA)"
"2005","1","","8","FrRnd","8","Devil Rays","Y","$1,500,000","Wade Townsend (minors)","RHP","","","","","","","","","","","","","4Yr","Rice University (Houston, TX)"
"2005","1","","9","FrRnd","9","Mets","Y","$3,550,000","Mike Pelfrey (minors)","RHP","5.8","148","268","0",".105",".275","275","68","103","4.68","1.51","1","4Yr","Wichita State University (Wichita, KS)"
"2005","1","","10","FrRnd","10","Tigers","Y","$2,650,000","Cameron Maybin (minors)","OF","13.5","1162","3824","72",".254",".697","","","","","","","HS","T. C. Roberson HS (Asheville, NC)"
"2005","1","","11","FrRnd","11","Pirates","Y","$1,900,000","Andrew McCutchen (minors)","OF","46.0","1761","6520","270",".280",".849","","","","","","","HS","Fort Meade HS (Fort Meade, FL)"
"2005","1","","12","FrRnd","12","Reds","Y","$1,800,000","Jay Bruce (minors)","OF","19.9","1650","5964","319",".244",".781","","","","","","","HS","West Brook HS (Beaumont, TX)"
"2005","1","","13","FrRnd","13","Orioles","Y","$1,700,000","Brandon Snyder (minors)","C","-0.1","122","200","9",".240",".731","","","","","","","HS","Westfield HS (Chantilly, VA)"
"2005","1","","14","FrRnd","14","Indians","Y","$1,695,000","Trevor Crowe (minors)","OF","0.2","265","818","4",".240",".615","","","","","","","4Yr","University of Arizona (Tucson, AZ)"
"2005","1","","15","FrRnd","15","White Sox","Y","$1,570,000","Lance Broadway (minors)","RHP","0.3","8","0","0","","","27","2","2","5.24","1.60","0","4Yr","Texas Christian University (Fort Worth, TX)"
"2005","1","","16","FrRnd","16","Marlins","Y","$1,600,000","Chris Volstad (minors)","RHP","2.1","130","201","0",".139",".317","170","37","58","5","1.45","0","HS","Palm Beach Gardens HS (Palm Beach Gardens, FL)"
"2005","1","","17","FrRnd","17","Yankees via Phillies","Y","$1,575,000","*C.J. Henry (minors)","SS","","","","","","","","","","","","","HS","Putnam City HS (Oklahoma City, OK)"
"2005","1","","18","FrRnd","18","Padres","Y","$1,550,000","Cesar Carrillo (minors)","RHP","-0.7","3","3","0",".000",".000","3","1","2","13.06","2.71","0","4Yr","University of Miami (Coral Gables, FL)"
"2005","1","","19","FrRnd","19","Rangers","Y","$1,525,000","John Mayberry (minors)","OF","1.5","574","1386","56",".235",".720","","","","","","","4Yr","Stanford University (Palo Alto, CA)"
"2005","1","","20","FrRnd","20","Cubs","Y","$1,750,000","Mark Pawelek (minors)","LHP","","","","","","","","","","","","","HS","Springville HS (Springville, UT)"
"2005","1","","21","FrRnd","21","Athletics","Y","$1,475,000","Cliff Pennington (minors)","SS","10.1","971","2799","36",".242",".648","1","0","0","9","3.00","0","4Yr","Texas A&M University (College Station, TX)"
"2005","1","","22","FrRnd","22","Marlins via Giants","Y","$1,225,000","*Aaron Thompson (minors)","LHP","-0.1","10","0","0","","","52","1","3","4.94","1.52","0","HS","Second Baptist School (Houston, TX)"
"2005","1","","23","FrRnd","23","Red Sox via Angels","Y","$1,400,000","*Jacoby Ellsbury (minors)","OF","31.2","1235","4846","104",".284",".760","","","","","","","4Yr","Oregon State University (Corvallis, OR)"
"2005","1","","24","FrRnd","24","Astros","Y","$1,375,000","Brian Bogusevic (minors)","LHP","2.1","321","748","19",".238",".684","1","0","0","18","3.00","0","4Yr","Tulane University (New Orleans, LA)"
"2005","1","","25","FrRnd","25","Twins","Y","$1,350,000","Matt Garza (minors)","RHP","12.5","152","274","0",".080",".201","290","93","106","4.09","1.32","1","4Yr","California State University, Fresno (Fresno, CA)"
"2005","1","","26","FrRnd","26","Red Sox via Dodgers","Y","$1,325,000","*Craig Hansen (minors)","RHP","-1.9","27","0","0","","","95","4","9","6.34","1.72","3","4Yr","St. John's University (Queens, NY)"
"2005","1","","27","FrRnd","27","Braves","Y","$1,300,000","Joey Devine (minors)","RHP","2.0","30","1","0",".000",".000","93","8","3","2.75","1.25","1","4Yr","North Carolina State University (Raleigh, NC)"
"2005","1","","28","FrRnd","28","Cardinals via Red Sox","Y","$1,000,000","*Colby Rasmus (minors)","OF","20.2","1092","3704","166",".241",".745","","","","","","","HS","Russell County HS (Seale, AL)"
"2005","1","","29","FrRnd","29","Marlins via Yankees","Y","$1,000,000","*Jacob Marceaux (minors)","RHP","","","","","","","","","","","","","4Yr","McNeese State University (Lake Charles, LA)"
"2005","1","","30","FrRnd","30","Cardinals","Y","$1,100,000","Tyler Greene (minors)","SS","-0.4","288","675","17",".224",".645","","","","","","","4Yr","Georgia Institute of Technology (Atlanta, GA)"
"2005","1s","","31","FrRnd","31","Diamondbacks","Y","$1,025,000","*Matt Torra (minors)","RHP","","","","","","","","","","","","","4Yr","University of Massachusetts Amherst (Amherst, MA)"
"2005","1s","","32","FrRnd","32","Rockies","Y","$1,025,000","*Chaz Roe (minors)","RHP","1.1","62","1","0",".000",".000","245","11","8","3.89","1.34","3","HS","Lafayette HS (Lexington, KY)"
"2005","1s","","33","FrRnd","33","Indians","Y","$1,000,000","*Johnny Drennen (minors)","OF","","","","","","","","","","","","","HS","Rancho Bernardo HS (San Diego, CA)"
"2005","1s","","34","FrRnd","34","Marlins","Y","$975,000","*Ryan Tucker (minors)","RHP","-1.3","11","7","0",".000",".000","18","2","3","8.14","1.88","0","HS","Temple City HS (Temple City, CA)"
"2005","1s","","35","FrRnd","35","Padres","Y","$950,000","*Cesar Ramos (minors)","LHP","1.4","43","6","0",".000",".000","267","10","15","4.02","1.40","2","4Yr","California State University, Long Beach (Long Beach, CA)"
"2005","1s","","36","FrRnd","36","Athletics","Y","$950,000","*Travis Buck (minors)","OF","2.8","253","810","20",".243",".715","","","","","","","4Yr","Arizona State University (Tempe, AZ)"
"2005","1s","","37","FrRnd","37","Angels","Y","$925,000","*Trevor Bell (minors)","RHP","-1.2","8","1","0",".000",".000","54","4","8","5.57","1.76","0","HS","Crescenta Valley HS (La Crescenta, CA)"
"2005","1s","","38","FrRnd","38","Astros","Y","$900,000","*Eli Iorg (minors)","OF","","","","","","","","","","","","","4Yr","University of Tennessee (Knoxville, TN)"
"2005","1s","","39","FrRnd","39","Twins","Y","$900,000","*Hank Sanchez (minors)","1B","","","","","","","","","","","","","HS","Mission Bay HS (San Diego, CA)"
"2005","1s","","40","FrRnd","40","Dodgers","N","","*Luke Hochevar (minors)","RHP","3.7","18","16","0",".063",".125","279","46","65","4.98","1.34","3","4Yr","University of Tennessee (Knoxville, TN)"
"2005","1s","","41","FrRnd","41","Braves","Y","$825,000","*Beau Jones (minors)","LHP","","","","","","","","","","","","","HS","Destrehan HS (Destrehan, LA)"
"2005","1s","","42","FrRnd","42","Red Sox","Y","$800,000","*Clay Buchholz (minors)","RHP","16.7","29","46","0",".087",".234","236","90","69","3.98","1.30","0","JC","Angelina College (Lufkin, TX)"
"2005","1s","","43","FrRnd","43","Cardinals","Y","$800,000","*Mark McCormick (minors)","RHP","","","","","","","","","","","","","4Yr","Baylor University (Waco, TX)"
"2005","1s","","44","FrRnd","44","Marlins","Y","$775,000","*Sean West (minors)","LHP","-0.1","21","34","0",".059",".147","22","8","8","5.03","1.58","0","HS","Captain Shreve HS (Shreveport, LA)"
"2005","1s","","45","FrRnd","45","Red Sox","Y","$762,000","*Jed Lowrie (minors)","2B","17.0","1257","4448","118",".260",".745","","","","","","","4Yr","Stanford University (Palo Alto, CA)"
"2005","1s","","46","FrRnd","46","Cardinals","Y","$675,000","*Tyler Herron (minors)","RHP","","","","","","","","","","","","","HS","Wellington Community HS (Wellington, FL)"
"2005","1s","","47","FrRnd","47","Red Sox","Y","$730,000","*Michael Bowden (minors)","RHP","0.8","64","2","0",".000",".000","103","3","5","4.51","1.40","0","HS","Waubonsie Valley HS (Aurora, IL)"
"2005","1s","","48","FrRnd","48","Orioles","Y","$650,000","*Garrett Olson (minors)","LHP","-2.7","11","6","0",".167",".310","104","14","22","6.26","1.67","1","4Yr","California Polytechnic State University, San Luis Obispo (San Luis Obispo, CA)"
"2005","2","","49","FrRnd","1","Diamondbacks","Y","$500,000","Matt Green (minors)","RHP","","","","","","","","","","","","","4Yr","University of Louisiana at Monroe (Monroe, LA)"
"2005","2","","50","FrRnd","2","Royals","Y","$690,000","Jeff Bianchi (minors)","SS","0.2","165","377","4",".215",".531","","","","","","","HS","Lampeter-Strasburg HS (Lampeter, PA)"
"2005","2","","51","FrRnd","3","Dodgers via Mariners","Y","$675,000","*Ivan De Jesus (minors)","SS","-1.6","228","495","5",".242",".630","","","","","","","",""
"2005","2","","52","FrRnd","4","Rockies via Nationals","Y","$670,000","*Daniel Carte (minors)","OF","","","","","","","","","","","","","4Yr","Winthrop University (Rock Hill, SC)"
"2005","2","","53","FrRnd","5","Athletics via Brewers","Y","$725,500","*Craig Italiano (minors)","RHP","","","","","","","","","","","","","HS","Flower Mound HS (Flower Mound, TX)"
"2005","2","","54","FrRnd","6","Twins via Blue Jays","Y","$650,000","*Paul Kelly (minors)","SS","","","","","","","","","","","","","HS","Flower Mound HS (Flower Mound, TX)"
"2005","2","","55","FrRnd","7","Rockies","Y","","Zach Simons (minors)","RHP","","","","","","","","","","","","","JC","Everett Community College (Everett, WA)"
"2005","2","","56","FrRnd","8","Devil Rays","Y","$630,000","Chris Mason (minors)","RHP","","","","","","","","","","","","","4Yr","University of North Carolina at Greensboro (Greensboro, NC)"
"2005","2","","57","FrRnd","9","Red Sox via Mets","Y","$625,000","*Jonathan Egan (minors)","C","","","","","","","","","","","","","HS","Cross Creek HS (Cross Creek, GA)"
"2005","2","","58","FrRnd","10","Angels via Tigers","Y","$615,000","*Ryan Mount (minors)","SS","","","","","","","","","","","","","HS","Senator Ruben S. Ayala HS (Chino Hills, CA)"
"2005","2","","59","FrRnd","11","Pirates","Y","$605,500","Brad Corley (minors)","OF","","","","","","","","","","","","","4Yr","Mississippi State University (Mississippi State, MS)"
"2005","2","","60","FrRnd","12","Reds","Y","$600,000","Travis Wood (minors)","LHP","7.1","288","298","11",".185",".537","298","47","59","4.26","1.32","4","HS","Bryant HS (Bryant, AR)"
"2005","2","","61","FrRnd","13","Orioles","Y","$590,000","Nolan Reimold (minors)","OF","2.8","480","1378","56",".246",".745","","","","","","","4Yr","Bowling Green State University (Bowling Green, OH)"
"2005","2","","62","FrRnd","14","Indians","Y","$605,000","Stephen Head (minors)","1B","","","","","","","","","","","","","4Yr","University of Mississippi (Oxford, MS)"
"2005","2","","63","FrRnd","15","Yankees via White Sox","Y","$550,000","*J.B. Cox (minors)","RHP","","","","","","","","","","","","","4Yr","University of Texas at Austin (Austin, TX)"
"2005","2","","64","FrRnd","16","Marlins","Y","$575,000","Kris Harvey (minors)","OF","","","","","","","","","","","","","4Yr","Clemson University (Clemson, SC)"
"2005","2","","65","FrRnd","17","Phillies","Y","$570,000","Mike Costanzo (minors)","3B","-0.6","17","18","0",".056",".151","","","","","","","4Yr","Coastal Carolina University (Conway, SC)"
"2005","2","","66","FrRnd","18","Padres","Y","$560,000","Chase Headley (minors)","3B","25.9","1436","5088","130",".263",".742","","","","","","","4Yr","University of Tennessee (Knoxville, TN)"
"2005","2","","67","FrRnd","19","Rangers","Y","$650,000","John Whittleman (minors)","3B","","","","","","","","","","","","","HS","Kingwood HS (Kingwood, TX)"
"2005","2","","68","FrRnd","20","Cubs","Y","$530,000","Donnie Veal (minors)","LHP","-0.1","30","0","0","","","105","3","3","5.48","1.62","1","JC","Pima Community College (Tucson, AZ)"
"2005","2","","69","FrRnd","21","Athletics","Y","$525,000","Jared Lansford (minors)","RHP","","","","","","","","","","","","","HS","St. Francis HS (Mountain View, CA)"
"2005","2","","70","FrRnd","22","Cardinals via Giants","Y","$515,000","*Josh Wilson (minors)","RHP","","","","","","","","","","","","","HS","Whitehouse HS (Whitehouse, TX)"
"2005","2","","71","FrRnd","23","Angels","Y","$505,000","P.J. Phillips (minors)","SS","","","","","","","","","","","","","HS","Redan HS (Stone Mountain, GA)"
"2005","2","","72","FrRnd","24","Astros","Y","$485,000","Ralph Henriquez (minors)","C","","","","","","","","","","","","","HS","Key West HS (Key West, FL)"
"2005","2","","73","FrRnd","25","Twins","Y","$490,000","Kevin Slowey (minors)","RHP","4.4","45","39","0",".077",".225","137","43","36","4.62","1.32","0","4Yr","Winthrop University (Rock Hill, SC)"
"2005","2","","74","FrRnd","26","Dodgers","Y","$480,000","Josh Wall (minors)","RHP","-1.0","13","0","0","","","15","1","1","15.15","2.56","0","HS","Central Private HS (Greenwell Springs, LA)"
"2005","2","","75","FrRnd","27","Braves","Y","$475,000","Yunel Escobar (minors)","SS","26.8","1434","5315","90",".282",".736","","","","","","","",""
"2005","2","","76","FrRnd","28","Padres via Red Sox","Y","$465,000","*Nick Hundley (minors)","C","7.4","974","3097","93",".247",".703","","","","","","","4Yr","University of Arizona (Tucson, AZ)"
"2005","2","","77","FrRnd","29","Braves via Yankees","Y","$460,000","*Jeff Lyman (minors)","RHP","","","","","","","","","","","","","HS","Monta Vista HS (Cupertino, CA)"
"2005","2","","78","FrRnd","30","Cardinals","Y","$425,000","Nicholas Webber (minors)","RHP","","","","","","","","","","","","","4Yr","University of Central Missouri (Warrensburg, MO)"
"2005","2s","","79","FrRnd","31","Marlins","Y","$450,000","*Brett Hayes (minors)","C","-1.1","189","434","13",".205",".609","","","","","","","4Yr","University of Nevada, Reno (Reno, NV)"
"2005","2s","","80","FrRnd","32","Twins","Y","$475,000","*Drew Thompson (minors)","SS","","","","","","","","","","","","","HS","Jupiter HS (Jupiter, FL)"
"2005","3","","81","FrRnd","1","Diamondbacks","Y","$500,000","Jason Neighborgall (minors)","RHP","","","","","","","","","","","","","4Yr","Georgia Institute of Technology (Atlanta, GA)"
"2005","3","","82","FrRnd","2","Royals","Y","$445,000","Chris Nicoll (minors)","RHP","","","","","","","","","","","","","4Yr","University of California, Irvine (Irvine, CA)"
"2005","3","","83","FrRnd","3","Diamondbacks via Mariners","Y","$440,000","*Micah Owings (minors)","RHP","3.2","174","205","9",".283",".813","138","32","33","4.86","1.40","1","4Yr","Tulane University (New Orleans, LA)"
"2005","3","","84","FrRnd","4","Twins via Nationals","Y","$400,000","*Brian Duensing (minors)","LHP","6.2","139","12","0",".000",".077","484","46","38","4.19","1.39","3","4Yr","University of Nebraska-Lincoln (Lincoln, NE)"
"2005","3","","85","FrRnd","5","Brewers","Y","$500,000","Will Inman (minors)","RHP","","","","","","","","","","","","","HS","Tunstall HS (Dry Fork, VA)"
"2005","3","","86","FrRnd","6","Blue Jays","Y","$440,000","Brian Pettway (minors)","OF","","","","","","","","","","","","","4Yr","University of Mississippi (Oxford, MS)"
"2005","3","","87","FrRnd","7","Rockies","Y","","Kyle Hancock (minors)","RHP","","","","","","","","","","","","","HS","Rowlett HS (Rowlett, TX)"
"2005","3","","88","FrRnd","8","Devil Rays","N","","Bryan Morris (minors)","RHP","2.7","219","7","0",".143",".286","231","20","12","3.13","1.37","1","HS","Tullahoma HS (Tullahoma, TN)"
"2005","3","","89","FrRnd","9","Astros via Mets","Y","$289,000","*Tommy Manzella (minors)","SS","-1.4","90","263","1",".224",".528","","","","","","","4Yr","Tulane University (New Orleans, LA)"
"2005","3","","90","FrRnd","10","Tigers","Y","$422,000","Chris Robinson (minors)","C","0.0","8","12","1",".167",".583","","","","","","","4Yr","University of Illinois at Urbana-Champaign (Champaign, IL)"
"2005","3","","91","FrRnd","11","Pirates","Y","$420,000","James Boone (minors)","OF","","","","","","","","","","","","","4Yr","University of Missouri (Columbia, MO)"
"2005","3","","92","FrRnd","12","Reds","Y","$420,000","Zach Ward (minors)","RHP","","","","","","","","","","","","","4Yr","Gardner-Webb University (Boiling Springs, NC)"
"2005","3","","93","FrRnd","13","Orioles","Y","$415,000","Brandon Erbe (minors)","RHP","","","","","","","","","","","","","HS","McDonogh School (Owings Mill, MD)"
"2005","3","","94","FrRnd","14","Indians","Y","$435,000","Nick Weglarz (minors)","1B","","","","","","","","","","","","","",""
"2005","3","","95","FrRnd","15","White Sox","Y","$300,000","Ricky Brooks (minors)","RHP","","","","","","","","","","","","","4Yr","East Carolina University (Greenville, NC)"
"2005","3","","96","FrRnd","16","Marlins","Y","$340,000","Matthew Goyen (minors)","LHP","","","","","","","","","","","","","4Yr","Georgia College & State University (Milledgeville, GA)"
"2005","3","","97","FrRnd","17","Phillies","Y","$400,000","Matt Maloney (minors)","LHP","-0.2","22","19","0",".211",".461","31","5","9","5.74","1.47","0","4Yr","University of Mississippi (Oxford, MS)"
"2005","3","","98","FrRnd","18","Padres","Y","$395,000","Josh Geer (minors)","RHP","-0.7","22","33","0",".152",".404","24","3","8","5.28","1.37","0","4Yr","Rice University (Houston, TX)"
"2005","3","","99","FrRnd","19","Rangers","Y","$725,000","Taylor Teagarden (minors)","C","0.6","180","510","21",".202",".637","","","","","","","4Yr","University of Texas at Austin (Austin, TX)"
"2005","3","","100","FrRnd","20","Cubs","Y","$385,000","Mark Holliman (minors)","RHP","","","","","","","","","","","","","4Yr","University of Mississippi (Oxford, MS)"
"2005","3","","101","FrRnd","21","Athletics","Y","$380,000","Vin Mazzaro (minors)","RHP","-0.5","75","18","0",".167",".333","140","24","23","4.79","1.55","1","HS","Rutherford HS (Rutherford, NJ)"
"2005","3","","102","FrRnd","22","Indians via Giants","Y","$375,000","*Jensen Lewis (minors)","RHP","2.2","9","1","0",".000",".000","161","7","11","3.68","1.36","14","4Yr","Vanderbilt University (Nashville, TN)"
"2005","3","","103","FrRnd","23","Angels","Y","$500,000","Sean O'Sullivan (minors)","RHP","-2.5","24","33","0",".121",".329","71","13","23","6.01","1.58","0","HS","Valhalla HS (El Cajon, CA)"
"2005","3","","104","FrRnd","24","Astros","N","","Josh Lindblom (minors)","RHP","0.5","110","4","0",".000",".000","134","7","12","4.78","1.40","1","HS","Harrison HS (West Lafayette, IN)"
"2005","3","","105","FrRnd","25","Twins","Y","$350,000","Ryan Mullins (minors)","LHP","","","","","","","","","","","","","4Yr","Vanderbilt University (Nashville, TN)"
"2005","3","","106","FrRnd","26","Dodgers","Y","$325,000","Sergio Pedroza (minors)","OF","","","","","","","","","","","","","4Yr","California State University, Fullerton (Fullerton, CA)"
"2005","3","","107","FrRnd","27","Braves","Y","$320,000","Jordan Schafer (minors)","OF","-2.2","463","1292","12",".228",".615","","","","","","","HS","Winter Haven HS (Winter Haven, FL)"
"2005","3","","108","FrRnd","28","Cubs via Red Sox","Y","$315,000","*Mike Billek (minors)","RHP","","","","","","","","","","","","","4Yr","University of Central Florida (Orlando, FL)"
"2005","3","","109","FrRnd","29","Yankees","Y","$210,000","Brett Gardner (minors)","OF","44.3","1688","5737","139",".256",".740","","","","","","","4Yr","College of Charleston (Charleston, SC)"
"2005","3","","110","FrRnd","30","Cardinals","Y","$450,000","Daryl Jones (minors)","OF","","","","","","","","","","","","","HS","Spring HS (Spring, TX)"
"2005","4","","111","FrRnd","1","Diamondbacks","Y","$300,000","Mark Romanczuk (minors)","LHP","","","","","","","","","","","","","4Yr","Stanford University (Palo Alto, CA)"
"2005","4","","112","FrRnd","2","Royals","Y","$250,000","Joe Dickerson (minors)","OF","","","","","","","","","","","","","HS","Esperanza HS (Anaheim, CA)"
"2005","4","","113","FrRnd","3","Mariners","Y","$290,000","Justin Thomas (minors)","LHP","-0.3","10","1","0",".000",".000","31","0","2","6.93","2.11","0","4Yr","Youngstown State University (Youngstown, OH)"
"2005","4","","114","FrRnd","4","Nationals","Y","$386,000","Justin Maxwell (minors)","OF","2.7","441","1057","41",".220",".702","","","","","","","4Yr","University of Maryland (College Park, MD)"
"2005","4","","115","FrRnd","5","Brewers","Y","$226,000","Mat Gamel (minors)","3B","-0.2","106","240","6",".229",".672","","","","","","","JC","Chipola College (Marianna, FL)"
"2005","4","","116","FrRnd","6","Blue Jays","Y","$162,500","Ryan Patterson (minors)","OF","","","","","","","","","","","","","4Yr","Louisiana State University (Baton Rouge, LA)"
"2005","4","","117","FrRnd","7","Rockies","Y","$275,000","Brandon Durden (minors)","LHP","","","","","","","","","","","","","4Yr","Georgia College & State University (Milledgeville, GA)"
"2005","4","","118","FrRnd","8","Devil Rays","Y","$500,000","Jeremy Hellickson (minors)","RHP","11.6","109","175","0",".143",".373","232","76","75","4.13","1.25","0","HS","Hoover HS (Des Moines, IA)"
"2005","4","","119","FrRnd","9","Mets","Y","$350,000","Hector Pellot (minors)","2B","","","","","","","","","","","","","",""
"2005","4","","120","FrRnd","10","Tigers","Y","$265,000","Kevin Whelan (minors)","RHP","-0.1","1","0","0","","","3","0","0","9","3.33","0","4Yr","Texas A&M University (College Station, TX)"
"2005","4","","121","FrRnd","11","Pirates","Y","$262,500","Brent Lillibridge (minors)","SS","-0.9","358","708","19",".205",".599","","","","","","","4Yr","University of Washington (Seattle, WA)"
"2005","4","","122","FrRnd","12","Reds","Y","$260,000","Sam LeCure (minors)","RHP","2.6","238","22","0",".091",".349","250","10","16","3.51","1.26","1","",""
"2005","4","","123","FrRnd","13","Orioles","Y","$257,500","Kieron Pope (minors)","OF","","","","","","","","","","","","","HS","East Coweta HS (Sharpsburg, GA)"
"2005","4","","124","FrRnd","14","Indians","Y","$255,000","Jordan Brown (minors)","1B","-0.1","40","102","0",".226",".570","","","","","","","4Yr","University of Arizona (Tucson, AZ)"
"2005","4","","125","FrRnd","15","White Sox","Y","$225,000","Chris Getz (minors)","2B","1.4","459","1409","3",".250",".616","","","","","","","4Yr","University of Michigan (Ann Arbor, MI)"
"2005","4","","126","FrRnd","16","Marlins","Y","$250,000","Gaby Sanchez (minors)","C","3.1","700","1998","61",".254",".745","","","","","","","4Yr","University of Miami (Coral Gables, FL)"
"2005","4","","127","FrRnd","17","Phillies","Y","$247,500","Michael Durant (minors)","3B","","","","","","","","","","","","","HS","Berkeley HS (Berkeley, CA)"
"2005","4","","128","FrRnd","18","Padres","Y","$245,000","Mike Baxter (minors)","OF","0.5","232","417","4",".228",".664","","","","","","","4Yr","Vanderbilt University (Nashville, TN)"
"2005","4","","129","FrRnd","19","Rangers","Y","$250,000","Shane Funk (minors)","RHP","","","","","","","","","","","","","HS","Arnold HS (Arnold, FL)"
"2005","4","","130","FrRnd","20","Cubs","Y","$270,000","Dylan Johnston (minors)","SS","","","","","","","","","","","","","HS","Hamilton HS (Chandler, AZ)"
"2005","4","","131","FrRnd","21","Athletics","Y","$120,000","James Shull (minors)","RHP","","","","","","","","","","","","","4Yr","California Polytechnic State University, San Luis Obispo (San Luis Obispo, CA)"
"2005","4","","132","FrRnd","22","Giants","Y","$227,000","Ben Copeland (minors)","OF","","","","","","","","","","","","","4Yr","University of Pittsburgh (Pittsburgh, PA)"
"2005","4","","133","FrRnd","23","Angels","N","","Brian Matusz (minors)","LHP","2.1","19","8","0",".125",".250","280","27","41","4.92","1.46","0","HS","St. Marys HS (Phoenix, AZ)"
"2005","4","","134","FrRnd","24","Astros","Y","$217,500","Josh Flores (minors)","OF","","","","","","","","","","","","","JC","Triton College (River Grove, IL)"
"2005","4","","135","FrRnd","25","Twins","Y","$40,000","Caleb Moore (minors)","C","","","","","","","","","","","","","4Yr","East Tennessee State University (Johnson City, TN)"
"2005","4","","136","FrRnd","26","Dodgers","Y","$212,000","Josh Bell (minors)","3B","-1.1","100","272","4",".195",".488","","","","","","","HS","Santaluces Community HS (Lantana, FL)"
"2005","4","","137","FrRnd","27","Braves","Y","$210,000","Mike Broadway (minors)","RHP","-0.4","25","0","0","","","25","0","2","6.75","1.63","0","HS","Pope County HS (Golconda, IL)"
"2005","4","","138","FrRnd","28","Red Sox","Y","$75,000","Scott Blue (minors)","RHP","","","","","","","","","","","","","HS","Morro Bay HS (Morro Bay, CA)"
"2005","4","","139","FrRnd","29","Yankees","Y","$215,000","Lance Pendleton (minors)","RHP","-0.1","4","0","0","","","15","0","0","6.75","1.66","0","4Yr","Rice University (Houston, TX)"
"2005","4","","140","FrRnd","30","Cardinals","Y","$250,000","Bryan Anderson (minors)","C","-0.5","40","68","0",".221",".556","","","","","","","HS","Simi Valley HS (Simi Valley, CA)"
"2005","5","","141","FrRnd","1","Diamondbacks","Y","$200,000","Chris Rahl (minors)","OF","","","","","","","","","","","","","4Yr","College of William and Mary (Williamsburg, VA)"
"2005","5","","142","FrRnd","2","Royals","Y","$175,000","Shawn Hayes (minors)","SS","","","","","","","","","","","","","4Yr","Franklin Pierce University (Rindge, NH)"
"2005","5","","143","FrRnd","3","Mariners","Y","$190,000","Stephen Kahn (minors)","RHP","","","","","","","","","","","","","4Yr","Loyola Marymount University (Los Angeles, CA)"
"2005","5","","144","FrRnd","4","Nationals","Y","$187,500","Ryan DeLaughter (minors)","OF","","","","","","","","","","","","","HS","Billy Ryan HS (Denton, TX)"
"2005","5","","145","FrRnd","5","Brewers","Y","$180,000","Kevin Roberts (minors)","RHP","","","","","","","","","","","","","4Yr","University of Houston (Houston, TX)"
"2005","5","","146","FrRnd","6","Blue Jays","Y","$182,500","Eric Fowler (minors)","LHP","","","","","","","","","","","","","4Yr","University of Mississippi (Oxford, MS)"
"2005","5","","147","FrRnd","7","Rockies","Y","$180,000","Josh Sullivan (minors)","RHP","","","","","","","","","","","","","4Yr","Auburn University (Auburn, AL)"
"2005","5","","148","FrRnd","8","Devil Rays","Y","$177,500","Michael McCormick (minors)","3B","","","","","","","","","","","","","HS","Marist Catholic HS (Eugene, OR)"
"2005","5","","149","FrRnd","9","Mets","Y","$175,000","Drew Butera (minors)","C","-4.1","553","1337","19",".196",".542","7","0","0","7.5","2.00","0","4Yr","University of Central Florida (Orlando, FL)"
"2005","5","","150","FrRnd","10","Tigers","Y","$220,000","Jeff Larish (minors)","1B","-0.6","101","245","8",".225",".688","","","","","","","4Yr","Arizona State University (Tempe, AZ)"
"2005","5","","151","FrRnd","11","Pirates","Y","$171,000","Jeff Sues (minors)","RHP","","","","","","","","","","","","","4Yr","Vanderbilt University (Nashville, TN)"
"2005","5","","152","FrRnd","12","Reds","Y","$170,000","James Avery (minors)","RHP","","","","","","","","","","","","","4Yr","Niagara University (Lewiston, NY)"
"2005","5","","153","FrRnd","13","Orioles","Y","$170,000","Reid Hamblet (minors)","RHP","","","","","","","","","","","","","4Yr","Biola University (La Mirada, CA)"
"2005","5","","154","FrRnd","14","Indians","Y","$167,500","Kevin Dixon (minors)","RHP","","","","","","","","","","","","","4Yr","Minnesota State University, Mankato (Mankato, MN)"
"2005","5","","155","FrRnd","15","White Sox","Y","$90,000","Ryan Rote (minors)","RHP","","","","","","","","","","","","","4Yr","Vanderbilt University (Nashville, TN)"
"2005","5","","156","FrRnd","16","Marlins","Y","$166,000","Kyle Winters (minors)","RHP","","","","","","","","","","","","","HS","Pomona HS (Arvada, CO)"
"2005","5","","157","FrRnd","17","Phillies","Y","$165,000","Brett Harker (minors)","RHP","","","","","","","","","","","","","4Yr","College of Charleston (Charleston, SC)"
"2005","5","","158","FrRnd","18","Padres","Y","$105,000","Seth Johnston (minors)","SS","","","","","","","","","","","","","4Yr","University of Texas at Austin (Austin, TX)"
"2005","5","","159","FrRnd","19","Rangers","Y","$163,000","Michael Kirkman (minors)","LHP","-0.4","6","0","0","","","96","2","6","5.28","1.50","1","HS","Columbia HS (Lake City, FL)"
"2005","5","","160","FrRnd","20","Cubs","Y","$162,000","Scott Taylor (minors)","RHP","","","","","","","","","","","","","HS","Hermitage HS (Hermitage, VA)"
"2005","5","","161","FrRnd","21","Athletics","Y","$160,000","Scott Deal (minors)","RHP","","","","","","","","","","","","","HS","Curtis HS (Tacoma, WA)"
"2005","5","","162","FrRnd","22","Giants","Y","$170,000","Dan Griffin (minors)","RHP","","","","","","","","","","","","","4Yr","Niagara University (Lewiston, NY)"
"2005","5","","163","FrRnd","23","Angels","Y","$159,000","Tommy Mendoza (minors)","RHP","","","","","","","","","","","","","HS","Monsignor Edward Pace HS (Miami Gardens, FL)"
"2005","5","","164","FrRnd","24","Astros","Y","$158,000","Billy Hart (minors)","3B","","","","","","","","","","","","","4Yr","University of Southern California (Los Angeles, CA)"
"2005","5","","165","FrRnd","25","Twins","Y","$157,000","Steven Tolleson (minors)","SS","1.2","181","331","6",".245",".671","2","0","0","0","1.00","0","4Yr","University of South Carolina (Columbia, SC)"
"2005","5","","166","FrRnd","26","Dodgers","Y","$155,000","Jon Meloan (minors)","RHP","0.1","5","0","0","","","13","0","0","4.58","1.25","0","4Yr","University of Arizona (Tucson, AZ)"
"2005","5","","167","FrRnd","27","Braves","Y","$155,000","Will Startup (minors)","LHP","","","","","","","","","","","","","4Yr","University of Georgia (Athens, GA)"
"2005","5","","168","FrRnd","28","Red Sox","Y","$154,000","Reid Engel (minors)","OF","","","","","","","","","","","","","HS","Lewis-Palmer HS (Monument, CO)"
"2005","5","","169","FrRnd","29","Yankees","Y","$155,000","Zach Kroenke (minors)","LHP","-0.3","7","2","0",".000",".000","7","1","1","7.59","1.88","0","4Yr","University of Nebraska-Lincoln (Lincoln, NE)"
"2005","5","","170","FrRnd","30","Cardinals","Y","$150,000","Mitchell Boggs (minors)","RHP","0.4","232","27","0",".037",".111","241","13","15","4.12","1.46","6","4Yr","University of Georgia (Athens, GA)"
"2005","6","","171","FrRnd","1","Diamondbacks","Y","$145,000","Greg Smith (minors)","LHP","1.8","12","15","0",".333",".800","40","8","18","4.51","1.43","0","4Yr","Louisiana State University (Baton Rouge, LA)"
"2005","6","","172","FrRnd","2","Royals","Y","$130,000","Ryan DiPietro (minors)","LHP","","","","","","","","","","","","","4Yr","Eastern Connecticut State University (Willimantic, CT)"
"2005","6","","173","FrRnd","3","Mariners","N","","Lance Lynn (minors)","RHP","29.4","176","283","0",".085",".230","288","115","77","3.48","1.27","1","HS","Brownsburg HS (Brownsburg, IN)"
"2005","6","","174","FrRnd","4","Nationals","Y","$152,000","Marco Estrada (minors)","RHP","12.6","150","135","0",".141",".354","283","62","68","4.29","1.21","0","4Yr","California State University, Long Beach (Long Beach, CA)"
"2005","6","","175","FrRnd","5","Brewers","Y","$30,000","Steve Hammond (minors)","LHP","","","","","","","","","","","","","4Yr","California State University, Long Beach (Long Beach, CA)"
"2005","6","","176","FrRnd","6","Blue Jays","Y","$152,000","Josh Bell (minors)","C","","","","","","","","","","","","","4Yr","Auburn University (Auburn, AL)"
"2005","6","","177","FrRnd","7","Rockies","Y","$145,000","Corey Wimberly (minors)","2B","","","","","","","","","","","","","4Yr","Alcorn State University (Lorman, MS)"
"2005","6","","178","FrRnd","8","Devil Rays","Y","$140,000","Greg Reinhard (minors)","RHP","","","","","","","","","","","","","4Yr","University of Wisconsin-Whitewater (Whitewater, WI)"
"2005","6","","179","FrRnd","9","Mets","Y","$152,500","Greg Cain (minors)","OF","","","","","","","","","","","","","HS","Gahr HS (Cerritos, CA)"
"2005","6","","180","FrRnd","10","Tigers","Y","$150,000","Clete Thomas (minors)","OF","1.4","249","709","13",".233",".664","","","","","","","4Yr","Auburn University (Auburn, AL)"
"2005","6","","181","FrRnd","11","Pirates","Y","$70,000","Cameron Blair (minors)","2B","","","","","","","","","","","","","4Yr","Texas Tech University (Lubbock, TX)"
"2005","6","","182","FrRnd","12","Reds","Y","$145,000","Jeff Stevens (minors)","RHP","-0.8","31","2","0",".000",".000","33","1","0","6.27","1.71","0","4Yr","Loyola Marymount University (Los Angeles, CA)"
"2005","6","","183","FrRnd","13","Orioles","Y","$135,000","Blake Owen (minors)","RHP","","","","","","","","","","","","","4Yr","Belmont University (Nashville, TN)"
"2005","6","","184","FrRnd","14","Indians","Y","","Joe Ness (minors)","RHP","","","","","","","","","","","","","4Yr","Ball State University (Muncie, IN)"
"2005","6","","185","FrRnd","15","White Sox","Y","$140,000","Aaron Cunningham (minors)","OF","-0.4","222","452","7",".219",".628","","","","","","","JC","Everett Community College (Everett, WA)"
"2005","6","","186","FrRnd","16","Marlins","Y","$140,000","James Guerrero (minors)","2B","","","","","","","","","","","","","4Yr","San Diego State University (San Diego, CA)"
"2005","6","","187","FrRnd","17","Phillies","Y","$145,000","Justin Blaine (minors)","LHP","","","","","","","","","","","","","4Yr","University of San Diego (San Diego, CA)"
"2005","6","","188","FrRnd","18","Padres","Y","$60,000","Neil Jamison (minors)","RHP","","","","","","","","","","","","","4Yr","California State University, Long Beach (Long Beach, CA)"
"2005","6","","189","FrRnd","19","Rangers","Y","$90,000","German Duran (minors)","2B","-0.4","60","143","3",".231",".624","","","","","","","JC","Weatherford College (Weatherford, TX)"
"2005","6","","190","FrRnd","20","Cubs","Y","$135,000","Kyle Reynolds (minors)","SS","","","","","","","","","","","","","4Yr","Baylor University (Waco, TX)"
"2005","6","","191","FrRnd","21","Athletics","Y","$150,000","Justin Sellers (minors)","SS","1.3","99","252","3",".198",".574","","","","","","","HS","Marina HS (Huntington Beach, CA)"
"2005","6","","192","FrRnd","22","Giants","N","","Brad Cuthbertson (minors)","RHP","","","","","","","","","","","","","",""
"2005","6","","193","FrRnd","23","Angels","Y","$100,000","Jeremy Moore (minors)","OF","0.0","8","8","0",".125",".250","","","","","","","HS","North Caddo HS (Vivian, LA)"
"2005","6","","194","FrRnd","24","Astros","Y","$130,000","Brandon Barnes (minors)","OF","0.7","484","1172","20",".242",".647","","","","","","","JC","Cypress College (Cypress, CA)"
"2005","6","","195","FrRnd","25","Twins","Y","$140,000","J.W. Wilson (minors)","OF","","","","","","","","","","","","","HS","Midland HS (Midland, TX)"
"2005","6","","196","FrRnd","26","Dodgers","Y","$127,500","Brent Leach (minors)","LHP","-0.2","34","0","0","","","38","2","0","5.75","1.38","0","4Yr","Delta State University (Cleveland, MS)"
"2005","6","","197","FrRnd","27","Braves","Y","$140,000","Tyler Bullock (minors)","RHP","","","","","","","","","","","","","4Yr","Baylor University (Waco, TX)"
"2005","6","","198","FrRnd","28","Red Sox","Y","$50,000","Jeff Corsaletti (minors)","OF","","","","","","","","","","","","","4Yr","University of Florida (Gainesville, FL)"
"2005","6","","199","FrRnd","29","Yankees","N","","Doug Fister (minors)","RHP","19.4","65","105","0",".152",".357","242","83","92","3.72","1.26","1","4Yr","California State University, Fresno (Fresno, CA)"
"2005","6","","200","FrRnd","30","Cardinals","Y","$120,000","Wilfrido Pujols (minors)","OF","","","","","","","","","","","","","HS","Fort Osage HS (Independence, MO)"
"2005","7","","201","FrRnd","1","Diamondbacks","Y","$110,000","Anthony Cupps (minors)","RHP","","","","","","","","","","","","","4Yr","University of Mississippi (Oxford, MS)"
"2005","7","","202","FrRnd","2","Royals","Y","$130,000","Brent Fisher (minors)","LHP","","","","","","","","","","","","","HS","Tolleson Union HS (Tolleson, AZ)"
"2005","7","","203","FrRnd","3","Mariners","Y","$145,000","Robert Rohrbaugh (minors)","LHP","","","","","","","","","","","","","4Yr","Clemson University (Clemson, SC)"
"2005","7","","204","FrRnd","4","Nationals","Y","$115,000","Mike Daniel (minors)","OF","","","","","","","","","","","","","4Yr","University of North Carolina at Chapel Hill (Chapel Hill, NC)"
"2005","7","","205","FrRnd","5","Brewers","Y","$150,000","Michael Brantley (minors)","OF","32.9","1366","5269","122",".298",".795","","","","","","","HS","Fort Pierce Central HS (Fort Pierce, FL)"
"2005","7","","206","FrRnd","6","Blue Jays","Y","$120,000","Robert Ray (minors)","RHP","0.1","0","0","0","","","7","1","2","4.18","1.29","0","4Yr","Texas A&M University (College Station, TX)"
"2005","7","","207","FrRnd","7","Rockies","Y","$115,000","Geoff Strickland (minors)","SS","","","","","","","","","","","","","4Yr","Florida Southern College (Lakeland, FL)"
"2005","7","","208","FrRnd","8","Devil Rays","Y","$27,500","Mike Wlodarczyk (minors)","LHP","","","","","","","","","","","","","4Yr","Boston College (Chestnut Hill, MA)"
"2005","7","","209","FrRnd","9","Mets","Y","$175,000","Jon Niese (minors)","LHP","8.4","202","347","0",".150",".404","211","69","68","4.07","1.38","0","HS","Defiance HS (Defiance, OH)"
"2005","7","","210","FrRnd","10","Tigers","Y","$27,500","P.J. Finigan (minors)","RHP","","","","","","","","","","","","","4Yr","Southern Illinois University Carbondale (Carbondale, IL)"
"2005","7","","211","FrRnd","11","Pirates","Y","$137,000","Justin Vaclavik (minors)","RHP","","","","","","","","","","","","","4Yr","University of Houston (Houston, TX)"
"2005","7","","212","FrRnd","12","Reds","Y","$137,000","Brandon Roberts (minors)","OF","","","","","","","","","","","","","4Yr","California Polytechnic State University, San Luis Obispo (San Luis Obispo, CA)"
"2005","7","","213","FrRnd","13","Orioles","Y","$100,000","Bobby Andrews (minors)","OF","","","","","","","","","","","","","4Yr","California State University, Fullerton (Fullerton, CA)"
"2005","7","","214","FrRnd","14","Indians","Y","$20,000","James Deters (minors)","RHP","","","","","","","","","","","","","4Yr","Calvin University (Grand Rapids, MI)"
"2005","7","","215","FrRnd","15","White Sox","Y","$115,000","Dan Cortes (minors)","RHP","-0.2","0","0","0","","","14","0","3","5.06","1.56","0","HS","Garey HS (Pomona, CA)"
"2005","7","","216","FrRnd","16","Marlins","Y","$152,000","Chris Leroux (minors)","RHP","-1.0","64","2","0",".000",".000","65","1","3","6.03","1.70","0","4Yr","Winthrop University (Rock Hill, SC)"
"2005","7","","217","FrRnd","17","Phillies","Y","$110,000","Jermaine Williams (minors)","OF","","","","","","","","","","","","","HS","Los Angeles HS (Los Angeles, CA)"
"2005","7","","218","FrRnd","18","Padres","Y","$120,000","Will Venable (minors)","OF","13.0","967","2836","81",".249",".719","","","","","","","4Yr","Princeton University (Princeton, NJ)"
"2005","7","","219","FrRnd","19","Rangers","Y","$250,000","Jake Rasner (minors)","RHP","","","","","","","","","","","","","HS","Earl Wooster HS (Reno, NV)"
"2005","7","","220","FrRnd","20","Cubs","Y","$30,000","David Taylor (minors)","LHP","","","","","","","","","","","","","4Yr","Baylor University (Waco, TX)"
"2005","7","","221","FrRnd","21","Athletics","Y","$105,000","Kevin Bunch (minors)","RHP","","","","","","","","","","","","","HS","Serrano HS (Phelan, CA)"
"2005","7","","222","FrRnd","22","Giants","Y","$90,000","Joey Dyche (minors)","OF","","","","","","","","","","","","","4Yr","Lewis-Clark State College (Lewiston, ID)"
"2005","7","","223","FrRnd","23","Angels","Y","$110,000","Robert Romero (minors)","RHP","","","","","","","","","","","","","JC","Grayson College (Denison, TX)"
"2005","7","","224","FrRnd","24","Astros","Y","$100,000","Tim Johnson (minors)","SS","","","","","","","","","","","","","HS","Wissahickon Senior HS (Ambler, PA)"
"2005","7","","225","FrRnd","25","Twins","Y","$90,000","Gregory Yersich (minors)","C","","","","","","","","","","","","","HS","Andrean HS (Merrillville, IN)"
"2005","7","","226","FrRnd","26","Dodgers","Y","$110,000","Christopher Hobdy (minors)","RHP","","","","","","","","","","","","","HS","Monterey HS (Lubbock, TX)"
"2005","7","","227","FrRnd","27","Braves","Y","$130,000","Brandon Monk (minors)","2B","","","","","","","","","","","","","HS","LaGrange HS (LaGrange, GA)"
"2005","7","","228","FrRnd","28","Red Sox","Y","$90,000","Yahmed Yema (minors)","OF","","","","","","","","","","","","","4Yr","Florida International University (Miami, FL)"
"2005","7","","229","FrRnd","29","Yankees","Y","$90,000","Garrett Patterson (minors)","LHP","","","","","","","","","","","","","4Yr","University of Oklahoma (Norman, OK)"
"2005","7","","230","FrRnd","30","Cardinals","Y","$15,000","Nick Stavinoha (minors)","OF","-1.3","147","265","4",".234",".581","","","","","","","4Yr","Louisiana State University (Baton Rouge, LA)"
"2005","8","","231","FrRnd","1","Diamondbacks","Y","$80,000","Ryan Schreppel (minors)","LHP","","","","","","","","","","","","","4Yr","California State University, Fullerton (Fullerton, CA)"
"2005","8","","232","FrRnd","2","Royals","Y","$100,000","Nicholas Doscher (minors)","C","","","","","","","","","","","","","HS","Moore Catholic HS (Staten Island, NY)"
"2005","8","","233","FrRnd","3","Mariners","Y","$23,500","David Asher (minors)","LHP","","","","","","","","","","","","","4Yr","Florida International University (Miami, FL)"
"2005","8","","234","FrRnd","4","Nationals","Y","$90,000","Jack Spradlin (minors)","LHP","","","","","","","","","","","","","4Yr","University of Southern California (Los Angeles, CA)"
"2005","8","","235","FrRnd","5","Brewers","N","","Jemile Weeks (minors)","SS","1.5","260","955","4",".255",".667","","","","","","","HS","Lake Brantley HS (Altamonte Springs, FL)"
"2005","8","","236","FrRnd","6","Blue Jays","Y","$25,000","Jacob Butler (minors)","OF","","","","","","","","","","","","","4Yr","University of Nevada, Reno (Reno, NV)"
"2005","8","","237","FrRnd","7","Rockies","Y","$12,000","James Burok (minors)","RHP","","","","","","","","","","","","","4Yr","Old Dominion University (Norfolk, VA)"
"2005","8","","238","FrRnd","8","Devil Rays","Y","$300,000","Andrew Lopez (minors)","OF","","","","","","","","","","","","","HS","Elk Grove HS (Elk Grove, CA)"
"2005","8","","239","FrRnd","9","Mets","Y","$150,000","Sean McCraw (minors)","C","","","","","","","","","","","","","JC","San Jacinto College (Pasadena, TX)"
"2005","8","","240","FrRnd","10","Tigers","Y","$77,500","Brendan Wise (minors)","RHP","","","","","","","","","","","","","JC","Pratt Community College (Pratt, KS)"
"2005","8","","241","FrRnd","11","Pirates","Y","$40,000","Steve Pearce (minors)","1B","9.9","766","2256","91",".254",".772","","","","","","","4Yr","University of South Carolina (Columbia, SC)"
"2005","8","","242","FrRnd","12","Reds","Y","$65,000","Michael Jones (minors)","SS","","","","","","","","","","","","","HS","Wayne County HS (Jesup, GA)"
"2005","8","","243","FrRnd","13","Orioles","Y","$75,000","Chorye Spoone (minors)","RHP","","","","","","","","","","","","","JC","Community College of Baltimore County, Catonsville Campus (Catonsville, MD)"
"2005","8","","244","FrRnd","14","Indians","Y","$90,000","Ryan Edell (minors)","LHP","","","","","","","","","","","","","4Yr","College of Charleston (Charleston, SC)"
"2005","8","","245","FrRnd","15","White Sox","Y","$78,000","Clayton Richard (minors)","LHP","1.1","228","325","3",".114",".316","275","69","84","4.51","1.43","1","4Yr","University of Michigan (Ann Arbor, MI)"
"2005","8","","246","FrRnd","16","Marlins","N","","Aaron Bates (minors)","1B","0.0","5","11","0",".364",".962","","","","","","","4Yr","North Carolina State University (Raleigh, NC)"
"2005","8","","247","FrRnd","17","Phillies","Y","$95,000","Jeremy Slayden (minors)","OF","","","","","","","","","","","","","4Yr","Georgia Institute of Technology (Atlanta, GA)"
"2005","8","","248","FrRnd","18","Padres","Y","$25,000","John Madden (minors)","RHP","","","","","","","","","","","","","4Yr","Auburn University (Auburn, AL)"
"2005","8","","249","FrRnd","19","Rangers","N","","Bradley Barragar (minors)","RHP","","","","","","","","","","","","","JC","Golden West College (Huntington Beach, CA)"
"2005","8","","250","FrRnd","20","Cubs","Y","$82,000","Jake Muyco (minors)","C","","","","","","","","","","","","","4Yr","North Carolina State University (Raleigh, NC)"
"2005","8","","251","FrRnd","21","Athletics","Y","$70,000","Jason Ray (minors)","RHP","","","","","","","","","","","","","4Yr","Azusa Pacific University (Azusa, CA)"
"2005","8","","252","FrRnd","22","Giants","N","","Scotty Bridges (minors)","2B","","","","","","","","","","","","","4Yr","University of Arkansas (Fayetteville, AR)"
"2005","8","","253","FrRnd","23","Angels","N","","Matt Hall (minors)","SS","","","","","","","","","","","","","HS","Horizon HS (Scottsdale, AZ)"
"2005","8","","254","FrRnd","24","Astros","Y","$380,000","Koby Clemens (minors)","3B","","","","","","","","","","","","","HS","Memorial HS (Houston, TX)"
"2005","8","","255","FrRnd","25","Twins","Y","$12,500","Danny Powers (minors)","RHP","","","","","","","","","","","","","4Yr","University of Central Missouri (Warrensburg, MO)"
"2005","8","","256","FrRnd","26","Dodgers","Y","$50,000","David Horlacher (minors)","RHP","","","","","","","","","","","","","4Yr","Brigham Young University (Provo, UT)"
"2005","8","","257","FrRnd","27","Braves","Y","$100,000","Kyle Cofield (minors)","RHP","","","","","","","","","","","","","HS","Southside HS (Southside, AL)"
"2005","8","","258","FrRnd","28","Red Sox","Y","$75,000","J.T. Zink (minors)","RHP","","","","","","","","","","","","","JC","Everett Community College (Everett, WA)"
"2005","8","","259","FrRnd","29","Yankees","Y","$800,000","Austin Jackson (minors)","OF","22.1","1115","4200","65",".273",".729","","","","","","","HS","Billy Ryan HS (Denton, TX)"
"2005","8","","260","FrRnd","30","Cardinals","Y","$15,000","Jason Cairns (minors)","RHP","","","","","","","","","","","","","4Yr","Central Michigan University (Mount Pleasant, MI)"
"2005","9","","261","FrRnd","1","Diamondbacks","Y","$23,000","Josh Ford (minors)","C","","","","","","","","","","","","","4Yr","Baylor University (Waco, TX)"
"2005","9","","262","FrRnd","2","Royals","Y","$75,000","Kiel Thibault (minors)","C","","","","","","","","","","","","","4Yr","Gonzaga University (Spokane, WA)"
"2005","9","","263","FrRnd","3","Mariners","Y","","Bryan Sabatella (minors)","3B","","","","","","","","","","","","","4Yr","Quinnipiac University (Hamden, CT)"
"2005","9","","264","FrRnd","4","Nationals","Y","$70,000","John-Michael Howell (minors)","OF","","","","","","","","","","","","","4Yr","University of Central Florida (Orlando, FL)"
"2005","9","","265","FrRnd","5","Brewers","Y","$152,000","Carlos Hereaud (minors)","2B","","","","","","","","","","","","","HS","Lawrence E Elkins HS (Missouri City, TX)"
"2005","9","","266","FrRnd","6","Blue Jays","Y","$75,000","Paul Phillips (minors)","RHP","","","","","","","","","","","","","4Yr","Oakland University (Rochester, MI)"
"2005","9","","267","FrRnd","7","Rockies","Y","$72,500","Andrew Johnston (minors)","RHP","","","","","","","","","","","","","4Yr","University of Missouri (Columbia, MO)"
"2005","9","","268","FrRnd","8","Devil Rays","Y","","Derek Feldkamp (minors)","RHP","","","","","","","","","","","","","4Yr","University of Michigan (Ann Arbor, MI)"
"2005","9","","269","FrRnd","9","Mets","Y","$65,000","Bobby Parnell (minors)","RHP","0.7","314","9","0",".111",".222","335","20","28","3.82","1.44","37","4Yr","Charleston Southern University (Charleston, SC)"
"2005","9","","270","FrRnd","10","Tigers","N","","Paul Coleman (minors)","LHP","","","","","","","","","","","","","4Yr","Pepperdine University (Malibu, CA)"
"2005","9","","271","FrRnd","11","Pirates","Y","$71,000","Derrik Moeves (minors)","RHP","","","","","","","","","","","","","4Yr","Northern Kentucky University (Highland Heights, KY)"
"2005","9","","272","FrRnd","12","Reds","Y","$200,000","Milton Loo (minors)","3B","","","","","","","","","","","","","JC","Yavapai College (Prescott, AZ)"
"2005","9","","273","FrRnd","13","Orioles","Y","$25,000","Paco Figueroa (minors)","2B","","","","","","","","","","","","","4Yr","University of Miami (Coral Gables, FL)"
"2005","9","","274","FrRnd","14","Indians","Y","$65,000","Roman Pena (minors)","OF","","","","","","","","","","","","","HS","Montgomery HS (San Diego, CA)"
"2005","9","","275","FrRnd","15","White Sox","Y","$70,000","Joseph Winn (minors)","RHP","","","","","","","","","","","","","JC","Delgado Community College (New Orleans, LA)"
"2005","9","","276","FrRnd","16","Marlins","Y","$10,000","Jim Brauer (minors)","RHP","","","","","","","","","","","","","4Yr","University of Michigan (Ann Arbor, MI)"
"2005","9","","277","FrRnd","17","Phillies","Y","$15,000","Clay Harris (minors)","2B","","","","","","","","","","","","","4Yr","Louisiana State University (Baton Rouge, LA)"
"2005","9","","278","FrRnd","18","Padres","Y","$60,000","Casey Smith (minors)","1B","","","","","","","","","","","","","4Yr","Erskine College (Due West, SC)"
"2005","9","","279","FrRnd","19","Rangers","Y","$235,000","R.J. Anderson (minors)","OF","","","","","","","","","","","","","HS","Armwood HS (Seffner, FL)"
"2005","9","","280","FrRnd","20","Cubs","Y","$79,000","Matt Avery (minors)","RHP","","","","","","","","","","","","","4Yr","University of Virginia (Charlottesville, VA)"
"2005","9","","281","FrRnd","21","Athletics","Y","$60,000","Trey Shields (minors)","RHP","","","","","","","","","","","","","4Yr","University of Alabama (Tuscaloosa, AL)"
"2005","9","","282","FrRnd","22","Giants","Y","$7,500","Anthony Contreras (minors)","SS","","","","","","","","","","","","","4Yr","San Jose State University (San Jose, CA)"
"2005","9","","283","FrRnd","23","Angels","Y","$152,000","Robert Mosebach (minors)","RHP","-0.1","0","0","0","","","3","0","0","7.71","3.00","0","JC","Hillsborough Community College (Tampa, FL)"
"2005","9","","284","FrRnd","24","Astros","N","","Jordan Meaker (minors)","RHP","","","","","","","","","","","","","HS","Flower Mound HS (Flower Mound, TX)"
"2005","9","","285","FrRnd","25","Twins","Y","$60,000","Erik Lis (minors)","1B","","","","","","","","","","","","","4Yr","University of Evansville (Evansville, IN)"
"2005","9","","286","FrRnd","26","Dodgers","N","","Michael Davitt (minors)","RHP","","","","","","","","","","","","","HS","Davidson HS (Mobile, AL)"
"2005","9","","287","FrRnd","27","Braves","Y","$65,000","Steven Garcia (minors)","C","","","","","","","","","","","","","HS","Temecula Valley HS (Temecula, CA)"
"2005","9","","288","FrRnd","28","Red Sox","Y","$90,000","Mark Wagner (minors)","C","","","","","","","","","","","","","4Yr","University of California, Irvine (Irvine, CA)"
"2005","9","","289","FrRnd","29","Yankees","Y","$60,000","James Cooper (minors)","OF","","","","","","","","","","","","","4Yr","Loyola Marymount University (Los Angeles, CA)"
"2005","9","","290","FrRnd","30","Cardinals","Y","$50,000","Zach Zuercher (minors)","LHP","","","","","","","","","","","","","4Yr","University of Rhode Island (Kingston, RI)"
"2005","10","","291","FrRnd","1","Diamondbacks","Y","$60,000","Cody Evans (minors)","RHP","","","","","","","","","","","","","4Yr","California State University, Long Beach (Long Beach, CA)"
"2005","10","","292","FrRnd","2","Royals","Y","$5,000","Jeff Howell (minors)","C","","","","","","","","","","","","","4Yr","Florida Southern College (Lakeland, FL)"
"2005","10","","293","FrRnd","3","Mariners","Y","$17,500","Ronnie Prettyman (minors)","3B","","","","","","","","","","","","","4Yr","California State University, Fullerton (Fullerton, CA)"
"2005","10","","294","FrRnd","4","Nationals","Y","$15,000","Dee Brown (minors)","OF","","","","","","","","","","","","","4Yr","University of Central Florida (Orlando, FL)"
"2005","10","","295","FrRnd","5","Brewers","Y","$160,000","Steve Garrison (minors)","LHP","0.0","0","0","0","","","1","0","0","0","0.00","0","HS","The Hun School of Princeton (Princeton, NJ)"
"2005","10","","296","FrRnd","6","Blue Jays","Y","$12,000","Josh Sowers (minors)","RHP","","","","","","","","","","","","","4Yr","Yale University (New Haven, CT)"
"2005","10","","297","FrRnd","7","Rockies","N","","Garner Wetzel (minors)","SS","","","","","","","","","","","","","4Yr","Millsaps College (Jackson, MS)"
"2005","10","","298","FrRnd","8","Devil Rays","Y","$75,000","John Matulia (minors)","OF","","","","","","","","","","","","","HS","Eustis HS (Eustis, FL)"
"2005","10","","299","FrRnd","9","Mets","Y","$60,000","Courtney Billingslea (minors)","OF","","","","","","","","","","","","","JC","Sinclair Community College (Dayton, OH)"
"2005","10","","300","FrRnd","10","Tigers","Y","$10,000","Kevin Ardoin (minors)","RHP","","","","","","","","","","","","","4Yr","University of Louisiana at Lafayette (Lafayette, LA)"
"2005","10","","301","FrRnd","11","Pirates","Y","$30,000","Derek Antelo (minors)","RHP","","","","","","","","","","","","","4Yr","Nova Southeastern University (Fort Lauderdale, FL)"
"2005","10","","302","FrRnd","12","Reds","Y","$50,000","Bo Lanier (minors)","RHP","","","","","","","","","","","","","4Yr","University of Georgia (Athens, GA)"
"2005","10","","303","FrRnd","13","Orioles","Y","$55,000","Ryan Stadanlick (minors)","RHP","","","","","","","","","","","","","4Yr","St. Joseph's University (Philadelphia, PA)"
"2005","10","","304","FrRnd","14","Indians","Y","$50,000","Jason Schutt (minors)","RHP","","","","","","","","","","","","","4Yr","University of Central Missouri (Warrensburg, MO)"
"2005","10","","305","FrRnd","15","White Sox","Y","$65,000","Israel Chirino (minors)","LHP","","","","","","","","","","","","","4Yr","University of Miami (Coral Gables, FL)"
"2005","10","","306","FrRnd","16","Marlins","Y","$75,000","Cody Allen (minors)","3B","","","","","","","","","","","","","HS","Elk Grove HS (Elk Grove, CA)"
"2005","10","","307","FrRnd","17","Phillies","Y","$52,500","Josh Outman (minors)","LHP","2.7","90","24","0",".042",".122","161","16","11","4.43","1.43","0","4Yr","University of Central Missouri (Warrensburg, MO)"
"2005","10","","308","FrRnd","18","Padres","Y","$50,000","Josh Alley (minors)","OF","","","","","","","","","","","","","4Yr","University of Tennessee (Knoxville, TN)"
"2005","10","","309","FrRnd","19","Rangers","Y","$58,000","Matt Nevarez (minors)","RHP","","","","","","","","","","","","","HS","San Fernando HS (San Fernando, CA)"
"2005","10","","310","FrRnd","20","Cubs","Y","$12,500","Joe Simokaitis (minors)","SS","","","","","","","","","","","","","4Yr","University of Nebraska-Lincoln (Lincoln, NE)"
"2005","10","","311","FrRnd","21","Athletics","Y","$30,000","John Herrera (minors)","RHP","","","","","","","","","","","","","4Yr","Lubbock Christian University (Lubbock, TX)"
"2005","10","","312","FrRnd","22","Giants","Y","$7,500","Nick Pereira (minors)","RHP","","","","","","","","","","","","","4Yr","University of San Francisco (San Francisco, CA)"
"2005","10","","313","FrRnd","23","Angels","Y","$325,000","Peter Bourjos (minors)","OF","9.6","875","2116","43",".237",".669","","","","","","","HS","Notre Dame Prep (Scottsdale, AZ)"
"2005","10","","314","FrRnd","24","Astros","Y","$50,000","Allen Langdon (minors)","OF","","","","","","","","","","","","","HS","Eagle HS (Eagle, ID)"
"2005","10","","315","FrRnd","25","Twins","Y","$50,000","Matt Betsill (minors)","3B","","","","","","","","","","","","","4Yr","Furman University (Greenville, SC)"
"2005","10","","316","FrRnd","26","Dodgers","Y","$50,000","Trayvon Robinson (minors)","OF","-0.1","90","288","5",".215",".602","","","","","","","HS","Crenshaw HS (Los Angeles, CA)"
"2005","10","","317","FrRnd","27","Braves","N","","Colin Carter (minors)","LHP","","","","","","","","","","","","","JC","Grayson College (Denison, TX)"
"2005","10","","318","FrRnd","28","Red Sox","Y","$50,000","Kevin Guyette (minors)","RHP","","","","","","","","","","","","","4Yr","University of Arizona (Tucson, AZ)"
"2005","10","","319","FrRnd","29","Yankees","Y","$10,000","Kyle Anson (minors)","3B","","","","","","","","","","","","","4Yr","Texas State University (San Marcos, TX)"
"2005","10","","320","FrRnd","30","Cardinals","Y","$2,000","Randy Roth (minors)","C","","","","","","","","","","","","","4Yr","Southeastern Louisiana University (Hammond, LA)"
"2005","11","","321","FrRnd","1","Diamondbacks","N","","Brett Jacobson (minors)","RHP","","","","","","","","","","","","","HS","Cactus Shadows HS (Cave Creek, AZ)"
"2005","11","","322","FrRnd","2","Royals","Y","","Mike Penn (minors)","RHP","","","","","","","","","","","","","4Yr","University of Michigan (Ann Arbor, MI)"
"2005","11","","323","FrRnd","3","Mariners","N","","Brian Contreras (minors)","OF","","","","","","","","","","","","","",""
"2005","11","","324","FrRnd","4","Nationals","Y","","John Lannan (minors)","LHP","6.2","145","247","1",".105",".297","153","46","58","4.18","1.44","0","4Yr","Siena College (Loudonville, NY)"
"2005","11","","325","FrRnd","5","Brewers","N","","Brent Allar (minors)","RHP","","","","","","","","","","","","","JC","Weatherford College (Weatherford, TX)"
"2005","11","","326","FrRnd","6","Blue Jays","Y","","Wesley Stone (minors)","SS","","","","","","","","","","","","","HS","A. B. Miller HS (Fontana, CA)"
"2005","11","","327","FrRnd","7","Rockies","Y","","Chris Frey (minors)","OF","","","","","","","","","","","","","4Yr","University of Arizona (Tucson, AZ)"
"2005","11","","328","FrRnd","8","Devil Rays","Y","","Jeff Kamrath (minors)","RHP","","","","","","","","","","","","","4Yr","University of Virginia (Charlottesville, VA)"
"2005","11","","329","FrRnd","9","Mets","N","","Luis Martinez (minors)","C","-0.3","32","77","1",".182",".536","","","","","","","JC","Jackson State Community College (Jackson, TN)"
"2005","11","","330","FrRnd","10","Tigers","Y","","Anthony Claggett (minors)","RHP","-0.4","1","0","0","","","3","0","0","27","4.64","0","4Yr","University of California, Riverside (Riverside, CA)"
"2005","11","","331","FrRnd","11","Pirates","Y","","Chris Jones (minors)","C","","","","","","","","","","","","","4Yr","California State University, Long Beach (Long Beach, CA)"
"2005","11","","332","FrRnd","12","Reds","Y","","Carlos Fisher (minors)","RHP","-0.4","69","7","0",".000",".000","74","2","5","4.74","1.54","0","4Yr","Lewis-Clark State College (Lewiston, ID)"
"2005","11","","333","FrRnd","13","Orioles","Y","","Bruce Gallaway (minors)","LHP","","","","","","","","","","","","","4Yr","Missouri Valley College (Marshall, MO)"
"2005","11","","334","FrRnd","14","Indians","Y","","Nick Petrucci (minors)","3B","","","","","","","","","","","","","JC","College of the Canyons (Santa Clarita, CA)"
"2005","11","","335","FrRnd","15","White Sox","Y","","Jason Rice (minors)","RHP","","","","","","","","","","","","","JC","Chaffey College (Rancho Cucamonga, CA)"
"2005","11","","336","FrRnd","16","Marlins","Y","","Andy Jenkins (minors)","C","","","","","","","","","","","","","4Yr","Oregon State University (Corvallis, OR)"
"2005","11","","337","FrRnd","17","Phillies","Y","","Tuffy Gosewisch (minors)","C","-1.2","137","420","5",".191",".499","","","","","","","4Yr","Arizona State University (Tempe, AZ)"
"2005","11","","338","FrRnd","18","Padres","N","","Josh Tomlin (minors)","RHP","5.3","96","28","0",".286",".632","286","69","56","4.77","1.23","2","JC","Angelina College (Lufkin, TX)"
"2005","11","","339","FrRnd","19","Rangers","Y","","Nathan Fogle (minors)","RHP","","","","","","","","","","","","","4Yr","Oregon State University (Corvallis, OR)"
"2005","11","","340","FrRnd","20","Cubs","Y","","Mike Phelps (minors)","RHP","","","","","","","","","","","","","4Yr","University of Central Missouri (Warrensburg, MO)"
"2005","11","","341","FrRnd","21","Athletics","Y","","Steve Kleen (minors)","RHP","","","","","","","","","","","","","4Yr","Pepperdine University (Malibu, CA)"
"2005","11","","342","FrRnd","22","Giants","Y","","Henry Gutierrez (minors)","C","","","","","","","","","","","","","4Yr","Troy University (Troy, AL)"
"2005","11","","343","FrRnd","23","Angels","N","","Tim Murphy (minors)","OF","","","","","","","","","","","","","HS","Rancho Buena Vista HS (Vista, CA)"
"2005","11","","344","FrRnd","24","Astros","Y","","Cory Lapinski (minors)","LHP","","","","","","","","","","","","","4Yr","Illinois Wesleyan University (Bloomington, IL)"
"2005","11","","345","FrRnd","25","Twins","Y","$500,000","Brian Kirwan (minors)","RHP","","","","","","","","","","","","","HS","Santa Fe Christian School (Solana Beach, CA)"
"2005","11","","346","FrRnd","26","Dodgers","Y","","Adam Godwin (minors)","OF","","","","","","","","","","","","","4Yr","Troy University (Troy, AL)"
"2005","11","","347","FrRnd","27","Braves","Y","","Michael Nix (minors)","RHP","","","","","","","","","","","","","4Yr","Auburn University (Auburn, AL)"
"2005","11","","348","FrRnd","28","Red Sox","Y","","Ismael Casillas (minors)","RHP","","","","","","","","","","","","","4Yr","Benedictine College (Atchison, KS)"
"2005","11","","349","FrRnd","29","Yankees","Y","$400,000","Alan Horne (minors)","RHP","","","","","","","","","","","","","4Yr","University of Florida (Gainesville, FL)"
"2005","11","","350","FrRnd","30","Cardinals","Y","","Steve Gonzalez (minors)","C","","","","","","","","","","","","","",""
"2005","12","","351","FrRnd","1","Diamondbacks","Y","","Bryan Byrne (minors)","1B","","","","","","","","","","","","","4Yr","Saint Mary's College of California (Moraga, CA)"
"2005","12","","352","FrRnd","2","Royals","Y","","Cody Harkcom (minors)","RHP","","","","","","","","","","","","","JC","New Mexico Junior College (Hobbs, NM)"
"2005","12","","353","FrRnd","3","Mariners","Y","","Anthony Varvaro (minors)","RHP","1.8","145","1","0",".000",".000","166","7","9","3.23","1.28","1","4Yr","St. John's University (Queens, NY)"
"2005","12","","354","FrRnd","4","Nationals","Y","","Craig Stammen (minors)","RHP","9.8","478","101","0",".218",".556","529","54","42","3.62","1.23","6","4Yr","University of Dayton (Dayton, OH)"
"2005","12","","355","FrRnd","5","Brewers","Y","","John Alonso (minors)","1B","","","","","","","","","","","","","JC","Polk State College (Winter Haven, FL)"
"2005","12","","356","FrRnd","6","Blue Jays","Y","","Billy Carnline (minors)","RHP","","","","","","","","","","","","","4Yr","Texas Tech University (Lubbock, TX)"
"2005","12","","357","FrRnd","7","Rockies","N","","Dominick Foster (minors)","RHP","","","","","","","","","","","","","JC","Fresno City College (Fresno, CA)"
"2005","12","","358","FrRnd","8","Devil Rays","Y","","Ryan Zimmerman (minors)","RHP","","","","","","","","","","","","","JC","Salt Lake Community College (Salt Lake City, UT)"
"2005","12","","359","FrRnd","9","Mets","Y","","Matthew Spath (minors)","OF","","","","","","","","","","","","","HS","Flagler Palm Coast HS (Palm Coast, FL)"
"2005","12","","360","FrRnd","10","Tigers","Y","","Matt Joyce (minors)","OF","14.6","1400","3718","149",".242",".767","","","","","","","4Yr","Florida Southern College (Lakeland, FL)"
"2005","12","","361","FrRnd","11","Pirates","Y","","Jason Delaney (minors)","OF","","","","","","","","","","","","","4Yr","Boston College (Chestnut Hill, MA)"
"2005","12","","362","FrRnd","12","Reds","Y","","Adam Rosales (minors)","SS","3.6","651","1621","48",".226",".656","2","0","0","9","1.50","0","4Yr","Western Michigan University (Kalamazoo, MI)"
"2005","12","","363","FrRnd","13","Orioles","N","","John Raynor (minors)","OF","-0.1","11","10","0",".200",".473","","","","","","","4Yr","University of North Carolina at Wilmington (Wilmington, NC)"
"2005","12","","364","FrRnd","14","Indians","Y","","Matt Fornasiere (minors)","SS","","","","","","","","","","","","","4Yr","University of Minnesota (Minneapolis, MN)"
"2005","12","","365","FrRnd","15","White Sox","Y","","Sheldon Catchot (minors)","LHP","","","","","","","","","","","","","JC","Delgado Community College (New Orleans, LA)"
"2005","12","","366","FrRnd","16","Marlins","N","","Kyle Marlatt (minors)","RHP","","","","","","","","","","","","","4Yr","Texas A&M University (College Station, TX)"
"2005","12","","367","FrRnd","17","Phillies","Y","","Mike Zagurski (minors)","LHP","-2.3","84","0","0","","","91","1","1","7.78","1.81","0","4Yr","University of Kansas (Lawrence, KS)"
"2005","12","","368","FrRnd","18","Padres","Y","","Aaron Breit (minors)","RHP","","","","","","","","","","","","","JC","Garden City Community College (Garden City, KS)"
"2005","12","","369","FrRnd","19","Rangers","N","","Dexter Carter (minors)","RHP","","","","","","","","","","","","","HS","Greenbrier Christian Academy (Chesapeake, VA)"
"2005","12","","370","FrRnd","20","Cubs","Y","","Yusuf Carter (minors)","C","","","","","","","","","","","","","JC","El Paso Community College (El Paso, TX)"
"2005","12","","371","FrRnd","21","Athletics","Y","","Jeff Baisley (minors)","3B","-0.3","14","43","0",".256",".598","","","","","","","4Yr","University of South Florida (Tampa, FL)"
"2005","12","","372","FrRnd","22","Giants","Y","","Joe Martinez (minors)","RHP","-0.6","20","11","0",".182",".455","21","4","3","5.82","1.78","0","4Yr","Boston College (Chestnut Hill, MA)"
"2005","12","","373","FrRnd","23","Angels","Y","","Greg Dini (minors)","C","","","","","","","","","","","","","4Yr","Tulane University (New Orleans, LA)"
"2005","12","","374","FrRnd","24","Astros","Y","","Tip Fairchild (minors)","RHP","","","","","","","","","","","","","4Yr","University of Southern Maine (Gorham, ME)"
"2005","12","","375","FrRnd","25","Twins","Y","","Alex Burnett (minors)","RHP","0.0","17","0","0","","","177","8","11","4.7","1.45","0","HS","Ocean View HS (Huntington Beach, CA)"
"2005","12","","376","FrRnd","26","Dodgers","Y","","Kristopher Krise (minors)","RHP","","","","","","","","","","","","","4Yr","California State University, Chico (Chico, CA)"
"2005","12","","377","FrRnd","27","Braves","Y","","Rudy Quinonez (minors)","RHP","","","","","","","","","","","","","4Yr","California State University, Fresno (Fresno, CA)"
"2005","12","","378","FrRnd","28","Red Sox","Y","","Kyle Fernandes (minors)","LHP","","","","","","","","","","","","","JC","Massasoit Community College (Brockton, MA)"
"2005","12","","379","FrRnd","29","Yankees","Y","","Joseph Muich (minors)","C","","","","","","","","","","","","","4Yr","Wichita State University (Wichita, KS)"
"2005","12","","380","FrRnd","30","Cardinals","N","","Daniel McCutchen (minors)","RHP","0.1","107","30","0",".067",".192","109","8","11","4.81","1.51","0","4Yr","University of Oklahoma (Norman, OK)"
