"Name","playerid","Team","Pos","PA","IP","Primary WAR","Total WAR"
"Josh Hamilton","1875","Rangers","CF/LF","571","","8.43913555145264","8.4"
"Carl Crawford","1201","Rays","LF","663","","7.73540258407593","7.7"
"Evan Longoria","9368","Rays","3B","661","","7.53641748428345","7.5"
"Cliff Lee","1636","- - -","P","","212.1","7.32682609558105","7.3"
"Joey Votto","4314","Reds","1B","648","","6.89100885391235","6.9"
"Albert Pujols","1177","Cardinals","1B","700","","6.7755880355835","6.8"
"Brian McCann","4810","Braves","C","566","","6.68701887130737","6.7"
"Felix Hernandez","4772","Mariners","P","","249.2","6.68216466903687","6.6"
"Justin Verlander","8700","Tigers","P","","224.1","6.69661521911621","6.6"
"Ryan Zimmerman","4220","Nationals","3B","603","","6.56989479064941","6.6"
"Jose Bautista","1887","Blue Jays","3B/RF","683","","6.51542186737061","6.5"
"Adrian Beltre","639","Red Sox","3B","641","","6.44600772857666","6.4"
"Robinson Cano","3269","Yankees","2B","696","","6.41691589355469","6.4"
"Andres Torres","1488","Giants","RF/CF","570","","6.25650835037231","6.3"
"Matt Holliday","1873","Cardinals","LF","675","","6.18229103088379","6.2"
"Brett Gardner","9927","Yankees","CF/LF","569","","6.16803216934204","6.2"
"Shin-Soo Choo","3174","Indians","RF","646","","6.06252002716064","6.1"
"Miguel Cabrera","1744","Tigers","1B","648","","6.06006097793579","6.1"
"Rickie Weeks Jr.","1849","Brewers","2B","754","","5.92421531677246","5.9"
"Roy Halladay","1303","Phillies","P","","250.2","6.1568775177002","5.9"
"Jered Weaver","4235","Angels","P","","224.1","5.86285400390625","5.9"
"Carlos Gonzalez","7287","Rockies","CF/LF","636","","5.71501398086548","5.7"
"Aubrey Huff","1213","Giants","1B/LF","668","","5.71121311187744","5.7"
"Joe Mauer","1857","Twins","C","584","","5.67788457870483","5.7"
"Josh Johnson","4567","Marlins","P","","183.2","6.04653549194336","5.6"
"Francisco Liriano","3201","Twins","P","","191.2","5.61062383651733","5.6"
"Troy Tulowitzki","3531","Rockies","SS","529","","5.51095628738403","5.5"
"CC Sabathia","404","Yankees","P","","237.2","5.49480676651001","5.5"
"Adam Wainwright","2233","Cardinals","P","","230.1","5.06315612792969","5.5"
"Ubaldo Jimenez","3374","Rockies","P","","221.2","5.97474193572998","5.5"
"Kelly Johnson","2234","Diamondbacks","2B","671","","5.29668951034546","5.3"
"Chase Utley","1679","Phillies","2B","511","","5.24815273284912","5.2"
"Jay Bruce","9892","Reds","RF","573","","5.08577966690063","5.1"
"Jayson Werth","1327","Phillies","RF","652","","5.04937887191772","5.0"
"Yadier Molina","7007","Cardinals","C","521","","5.01269674301147","5.0"
"Daric Barton","5928","Athletics","1B","686","","5.00370216369629","5.0"
"Justin Morneau","1737","Twins","1B","348","","4.95794486999512","5.0"
"Nelson Cruz","2434","Rangers","RF","445","","4.94076108932495","4.9"
"Yovani Gallardo","8173","Brewers","P","","185.0","3.74427223205566","4.9"
"Angel Pagan","2918","Mets","CF","633","","4.89804267883301","4.9"
"Colby Lewis","1259","Rangers","P","","201.0","4.82860612869263","4.9"
"Jon Lester","4930","Red Sox","P","","208.0","4.85343551635742","4.8"
"Zack Greinke","1943","Royals","P","","220.0","4.88383626937866","4.8"
"Stephen Drew","4251","Diamondbacks","SS","633","","4.76699733734131","4.8"
"Ichiro Suzuki","1101","Mariners","RF","732","","4.75303936004639","4.8"
"Dan Haren","1757","- - -","P","","235.0","3.68835031986237","4.7"
"Jason Heyward","4940","Braves","RF","623","","4.64754009246826","4.6"
"Dan Uggla","3442","Marlins","2B","674","","4.57648229598999","4.6"
"Scott Rolen","970","Reds","3B","537","","4.55798101425171","4.6"
"Nick Swisher","4599","Yankees","RF","635","","4.39923143386841","4.4"
"Michael Bourn","6387","Astros","CF","605","","4.38490343093872","4.4"
"Adrian Gonzalez","1908","Padres","1B","693","","4.35878610610962","4.4"
"David Price","3184","Rays","P","","208.2","4.29720735549927","4.3"
"John Danks","6329","White Sox","P","","213.0","4.31379985809326","4.3"
"Chase Headley","4720","Padres","3B","674","","4.24996280670166","4.2"
"Kevin Youkilis","1935","Red Sox","1B","435","","4.24628353118896","4.2"
"Chad Billingsley","5842","Dodgers","P","","191.2","4.17347764968872","4.2"
"Alexei Ramirez","5133","White Sox","SS","626","","4.16610670089722","4.2"
"Chris Young","3882","Diamondbacks","CF","664","","4.15660524368286","4.2"
"Hanley Ramirez","8001","Marlins","SS","619","","4.1423397064209","4.1"
"Gavin Floyd","3886","White Sox","P","","187.1","4.07172584533691","4.1"
"Geovany Soto","3707","Cubs","C","387","","4.13088035583496","4.1"
"Mat Latos","3815","Padres","P","","184.2","4.22289752960205","4.1"
"Austin Jackson","9848","Tigers","CF","675","","4.09749603271484","4.1"
"C.J. Wilson","3580","Rangers","P","","204.0","4.16175889968872","4.1"
"Rafael Furcal","88","Dodgers","SS","428","","4.08961820602417","4.1"
"Buster Posey","9166","Giants","C/1B","443","","4.04145812988281","4.0"
"Tim Lincecum","5705","Giants","P","","212.1","4.29991292953491","4.0"
"Max Scherzer","3137","Tigers","P","","195.2","4.0473952293396","4.0"
"Clayton Kershaw","2036","Dodgers","P","","204.1","4.60204410552979","4.0"
"Alex Rodriguez","1274","Yankees","3B","595","","3.97843146324158","4.0"
"Curtis Granderson","4747","Yankees","CF","528","","3.96797394752502","4.0"
"Brett Myers","962","Astros","P","","223.2","3.86698174476624","4.0"
"Colby Rasmus","9893","Cardinals","CF","534","","3.95594549179077","4.0"
"Anibal Sanchez","3284","Marlins","P","","195.0","4.14805126190186","3.9"
"Roy Oswalt","571","- - -","P","","211.2","4.39498400688171","3.9"
"Marlon Byrd","950","Cubs","CF","630","","3.90838289260864","3.9"
"Melvin Upton Jr.","5015","Rays","CF","610","","3.89920735359192","3.9"
"Johan Santana","755","Mets","P","","199.0","3.66605305671692","3.9"
"Ben Zobrist","7435","Rays","2B/RF","655","","3.84374523162842","3.8"
"Martin Prado","3312","Braves","2B/3B","651","","3.81666541099548","3.8"
"Carlos Ruiz","2579","Phillies","C","433","","3.80964159965515","3.8"
"Brandon Phillips","791","Reds","2B","687","","3.75652813911438","3.8"
"Mark Buehrle","225","White Sox","P","","210.1","3.80158972740173","3.7"
"Victor Martinez","393","Red Sox","C","538","","3.70585298538208","3.7"
"Ryan Braun","3410","Brewers","LF","685","","3.70452237129211","3.7"
"Wandy Rodriguez","2586","Astros","P","","195.0","3.55438446998596","3.7"
"Matt Cain","4732","Giants","P","","223.1","4.00892305374146","3.7"
"Vernon Wells","1326","Blue Jays","CF","646","","3.68559861183167","3.7"
"Hiroki Kuroda","3283","Dodgers","P","","196.1","4.24139595031738","3.7"
"Yorvit Torrealba","1135","Padres","C","363","","3.65184926986694","3.7"
"Ricky Romero","3403","Blue Jays","P","","210.0","3.66741681098938","3.6"
"Placido Polanco","1176","Phillies","3B","602","","3.60983061790466","3.6"
"Jonathan Lucroy","7870","Brewers","C","297","","3.59672021865845","3.6"
"Cliff Pennington","3395","Athletics","SS","576","","3.57831788063049","3.6"
"Shaun Marcum","6204","Blue Jays","P","","195.1","3.45643258094788","3.6"
"Paul Konerko","242","White Sox","1B","631","","3.55235171318054","3.6"
"Mark Teixeira","1281","Yankees","1B","712","","3.47782850265503","3.5"
"John Lackey","1507","Red Sox","P","","215.0","3.31486344337463","3.4"
"Cole Hamels","4972","Phillies","P","","208.2","3.57057285308838","3.4"
"Dallas Braden","8099","Athletics","P","","192.2","3.46702241897583","3.4"
"David Wright","3787","Mets","3B","670","","3.43498468399048","3.4"
"Andrew McCutchen","9847","Pirates","CF","653","","3.41176795959473","3.4"
"Ian Kinsler","6195","Rangers","2B","460","","3.39385485649109","3.4"
"R.A. Dickey","1245","Mets","P","","174.1","2.83452343940735","3.4"
"Drew Stubbs","9328","Reds","CF","583","","3.34880304336548","3.3"
"Edwin Jackson","1841","- - -","P","","209.1","3.24817883968353","3.3"
"Ryan Hanigan","4952","Reds","C","243","","3.32922720909119","3.3"
"Alex Rios","2090","White Sox","CF","617","","3.31298589706421","3.3"
"Tommy Hanson","9129","Braves","P","","202.2","3.67611312866211","3.3"
"Doug Fister","9425","Mariners","P","","171.0","3.32279396057129","3.3"
"Jason Vargas","8044","Mariners","P","","192.2","3.33323407173157","3.2"
"Dustin Pedroia","8370","Red Sox","2B","351","","3.23368096351624","3.2"
"Torii Hunter","731","Angels","RF/CF","646","","3.20475339889526","3.2"
"Coco Crisp","1572","Athletics","CF","328","","3.15057420730591","3.2"
"Shane Victorino","1677","Phillies","CF","648","","3.1330463886261","3.1"
"Gio Gonzalez","7448","Athletics","P","","200.2","3.18340992927551","3.1"
"Matt Wieters","4298","Orioles","C","502","","3.11999464035034","3.1"
"Mark Ellis","1443","Athletics","2B","492","","3.11810421943665","3.1"
"Clay Buchholz","3543","Red Sox","P","","173.2","3.03322386741638","3.1"
"Russell Martin","4616","Dodgers","C","387","","3.0913188457489","3.1"
"Jim Thome","409","Twins","DH","340","","3.07212781906128","3.1"
"Orlando Hudson","1307","Twins","2B","559","","3.0358567237854","3.0"
"Phil Hughes","7450","Yankees","P","","176.1","3.03792834281921","3.0"
"Brandon Morrow","9346","Blue Jays","P","","146.1","3.02133846282959","3.0"
"Adam Dunn","319","Nationals","1B","648","","2.98208522796631","3.0"
"Carl Pavano","790","Twins","P","","221.0","2.78460454940796","3.0"
"Alex Gonzalez","520","- - -","SS","640","","2.95461940765381","3.0"
"Corey Hart","1945","Brewers","RF","614","","2.94387483596802","2.9"
"Jason Hammel","4538","Rockies","P","","177.2","3.27256202697754","2.9"
"Ike Davis","8433","Mets","1B","601","","2.87010025978088","2.9"
"Casey Blake","719","Dodgers","3B","571","","2.85387659072876","2.9"
"Casey McGehee","6086","Brewers","3B","670","","2.8089439868927","2.8"
"Roberto Hernandez","3273","Indians","P","","210.1","2.86291599273682","2.8"
"Brian Matusz","2646","Orioles","P","","175.2","2.78867220878601","2.8"
"Luke Scott","3469","Orioles","DH","517","","2.75074481964111","2.8"
"Carlos Marmol","2790","Cubs","P","","77.2","2.74626708030701","2.7"
"Juan Uribe","454","Giants","SS","575","","2.73644948005676","2.7"
"Jose Molina","25","Blue Jays","C","183","","2.73335480690002","2.7"
"Alfonso Soriano","847","Cubs","LF","548","","2.67279839515686","2.7"
"Andy Pettitte","840","Yankees","P","","129.0","2.63298678398132","2.7"
"Livan Hernandez","1116","Nationals","P","","211.2","2.64744329452515","2.7"
"Denard Span","8347","Twins","CF","705","","2.65214204788208","2.7"
"Hunter Pence","8252","Astros","RF","658","","2.6506073474884","2.7"
"Giancarlo Stanton","4949","Marlins","RF","396","","2.64607310295105","2.6"
"Randy Wells","4535","Cubs","P","","194.1","2.54127717018127","2.6"
"Chris Carpenter","1292","Cardinals","P","","235.0","2.8352472782135","2.6"
"Prince Fielder","4613","Brewers","1B","714","","2.62880492210388","2.6"
"Juan Pierre","443","White Sox","LF","734","","2.62345051765442","2.6"
"David Ortiz","745","Red Sox","DH","606","","2.56848955154419","2.6"
"Justin Masterson","2038","Indians","P","","180.0","2.52650237083435","2.6"
"Mike Pelfrey","5203","Mets","P","","204.0","2.77291440963745","2.5"
"Jaime Garcia","8137","Cardinals","P","","163.1","2.3743724822998","2.5"
"David DeJesus","1825","Royals","RF","394","","2.52365708351135","2.5"
"Kevin Kouzmanoff","5995","Athletics","3B","586","","2.51750946044922","2.5"
"Josh Willingham","2103","Nationals","LF","451","","2.50659871101379","2.5"
"Brett Anderson","8223","Athletics","P","","112.1","2.50389695167542","2.5"
"Chipper Jones","97","Braves","3B","381","","2.49221110343933","2.5"
"Adam Jones","6368","Orioles","CF","621","","2.4848358631134","2.5"
"Jose Reyes","1736","Mets","SS","603","","2.47803330421448","2.5"
"Pat Burrell","949","- - -","LF","437","","2.47172990441322","2.5"
"Justin Upton","5222","Diamondbacks","RF","571","","2.46616411209106","2.5"
"Michael Young","1286","Rangers","3B","718","","2.46045422554016","2.5"
"Nick Markakis","5930","Orioles","RF","709","","2.45682382583618","2.5"
"Scott Baker","6176","Twins","P","","170.1","2.50021433830261","2.4"
"Magglio Ordonez","248","Tigers","RF","365","","2.4024293422699","2.4"
"Jon Niese","4424","Mets","P","","173.2","1.90517675876617","2.4"
"Brian Wilson","6485","Giants","P","","74.2","2.45764994621277","2.4"
"Freddy Sanchez","1624","Giants","2B","479","","2.39156699180603","2.4"
"Bobby Abreu","945","Angels","RF/LF","667","","2.38479518890381","2.4"
"Hong-Chih Kuo","7016","Dodgers","P","","60.0","2.33574557304382","2.4"
"Jamey Carroll","1591","Dodgers","2B/SS","414","","2.37592244148254","2.4"
"Jhoulys Chacin","2608","Rockies","P","","137.1","2.75331568717957","2.4"
"Brett Cecil","2660","Blue Jays","P","","172.2","2.3983006477356","2.4"
"Ramon Hernandez","918","Reds","C","352","","2.36692643165588","2.4"
"Johnny Damon","185","Tigers","DH","613","","2.35776329040527","2.4"
"Jeremy Guthrie","2072","Orioles","P","","209.1","2.39549016952515","2.4"
"Jim Edmonds","1153","- - -","CF","272","","2.35517418384552","2.4"
"Ryan Dempster","517","Cubs","P","","215.1","2.60043954849243","2.3"
"Travis Wood","9884","Reds","P","","102.2","2.0875883102417","2.3"
"Derek Jeter","826","Yankees","SS","739","","2.33410000801086","2.3"
"Jimmy Rollins","971","Phillies","SS","394","","2.32495212554932","2.3"
"David Ross","1551","Braves","C","145","","2.3173394203186","2.3"
"Ricky Nolasco","3830","Marlins","P","","157.2","2.17817974090576","2.3"
"Ryan Raburn","2218","Tigers","LF","410","","2.31178498268127","2.3"
"J.D. Drew","1152","Red Sox","RF","546","","2.30912399291992","2.3"
"Will Venable","211","Padres","RF","445","","2.30731868743896","2.3"
"Johnny Cueto","6893","Reds","P","","185.2","2.60673522949219","2.3"
"Carlos Zambrano","305","Cubs","P","","129.2","1.96099197864532","2.3"
"Daniel Hudson","7146","- - -","P","","95.1","2.28131507337093","2.3"
"Heath Bell","2080","Padres","P","","70.0","2.25611734390259","2.2"
"Jack Cust","1564","Athletics","DH","425","","2.23938679695129","2.2"
"Kevin Slowey","9918","Twins","P","","155.2","2.27614259719849","2.2"
"Clayton Richard","3551","Padres","P","","201.2","2.19430088996887","2.2"
"Miguel Olivo","1638","Rockies","C","427","","2.22288036346436","2.2"
"Franklin Gutierrez","3255","Mariners","CF","629","","2.19563055038452","2.2"
"Daisuke Matsuzaka","7775","Red Sox","P","","153.2","2.07466769218445","2.2"
"Matt Thornton","1918","White Sox","P","","60.2","2.17895936965942","2.2"
"James Shields","7059","Rays","P","","203.1","2.12625241279602","2.2"
"Ted Lilly","833","- - -","P","","193.2","2.58147263526917","2.1"
"Mike Napoli","3057","Angels","C/1B","510","","2.14251494407654","2.1"
"J.J. Hardy","3797","Twins","SS","375","","2.14030957221985","2.1"
"Elvis Andrus","8709","Rangers","SS","674","","2.13255953788757","2.1"
"Russell Branyan","370","- - -","1B/DH","428","","2.12995898723602","2.1"
"Stephen Strasburg","10131","Nationals","P","","68.0","2.34862685203552","2.1"
"Joel Pineiro","1094","Angels","P","","152.1","2.0725405216217","2.1"
"Matt Belisle","1837","Rockies","P","","92.0","2.00012445449829","2.1"
"Billy Butler","7399","Royals","1B","678","","2.10626339912415","2.1"
"Ervin Santana","3200","Angels","P","","222.2","2.09632396697998","2.1"
"Jonathan Sanchez","7507","Giants","P","","193.1","2.15825486183167","2.1"
"Ian Kennedy","6986","Diamondbacks","P","","194.0","1.69249832630157","2.1"
"Derek Lowe","199","Braves","P","","193.2","1.82100665569305","2.1"
"Danny Valencia","6364","Twins","3B","322","","2.07475471496582","2.1"
"Sean Rodriguez","6589","Rays","2B","378","","2.07244491577148","2.1"
"Cody Ross","1760","- - -","RF/CF","569","","2.06295388936996","2.1"
"Matt Garza","3340","Rays","P","","204.2","2.06780028343201","2.0"
"Ramon Santiago","1417","Tigers","SS","367","","2.00861167907715","2.0"
"Marco Scutaro","1555","Red Sox","SS","695","","2.0022656917572","2.0"
"Chris Narveson","2141","Brewers","P","","167.2","1.22625005245209","2.0"
"Jed Lowrie","4418","Red Sox","2B/SS","197","","1.99646759033203","2.0"
"Tony Gwynn","6141","Padres","CF","339","","1.99572956562042","2.0"
"Omar Infante","1609","Braves","2B","506","","1.99066615104675","2.0"
"Felipe Paulino","3777","Astros","P","","91.2","1.63755488395691","2.0"
"Neftali Feliz","18","Rangers","P","","69.1","1.98918116092682","2.0"
"Billy Wagner","578","Braves","P","","69.1","1.97950446605682","2.0"
"Miguel Montero","3364","Diamondbacks","C","331","","1.97506713867188","2.0"
"Tim Hudson","921","Braves","P","","228.2","1.75565338134766","2.0"
"Rick Porcello","2717","Tigers","P","","162.2","1.97149324417114","1.9"
"Joakim Soria","6941","Royals","P","","65.2","1.94281482696533","1.9"
"Andre Ethier","6265","Dodgers","RF","585","","1.93633282184601","1.9"
"Chris Snyder","4606","- - -","C","376","","1.91888380050659","1.9"
"Travis Hafner","1573","Indians","DH","462","","1.91358983516693","1.9"
"Trevor Cahill","6249","Athletics","P","","196.2","1.96702969074249","1.9"
"Brandon Inge","470","Tigers","3B","580","","1.89571261405945","1.9"
"Rafael Soriano","1100","Rays","P","","62.1","1.88897490501404","1.9"
"Neil Walker","7539","Pirates","2B","469","","1.88087797164917","1.9"
"Matt Joyce","3353","Rays","RF","261","","1.87395334243774","1.9"
"David Murphy","6035","Rangers","RF/LF","471","","1.84619212150574","1.8"
"Peter Bourjos","2578","Angels","CF","193","","1.83896028995514","1.8"
"Rafael Betancourt","177","Rockies","P","","62.1","1.83138859272003","1.8"
"Homer Bailey","8362","Reds","P","","109.0","1.66344618797302","1.8"
"Madison Bumgarner","5524","Giants","P","","111.0","1.68438446521759","1.8"
"Sean Marshall","5905","Cubs","P","","74.2","1.86438870429993","1.8"
"Mike Adams","1937","Padres","P","","66.2","1.79039263725281","1.8"
"Mariano Rivera","844","Yankees","P","","60.0","1.79840159416199","1.8"
"Starlin Castro","4579","Cubs","SS","506","","1.77744972705841","1.8"
"Gaby Sanchez","3361","Marlins","1B","643","","1.77600264549255","1.8"
"Tyler Colvin","5310","Cubs","RF/LF","395","","1.76827013492584","1.8"
"Delmon Young","2140","Twins","LF","613","","1.74754929542542","1.7"
"Jake Westbrook","412","- - -","P","","202.2","1.80594289302826","1.7"
"Howie Kendrick","4229","Angels","2B","658","","1.73502671718597","1.7"
"Edwin Encarnacion","2151","Blue Jays","3B","367","","1.7335661649704","1.7"
"Yunel Escobar","4191","- - -","SS","567","","1.70999830961227","1.7"
"Bud Norris","9492","Astros","P","","153.2","1.60533976554871","1.7"
"Joaquin Benoit","1437","Rays","P","","60.1","1.66797387599945","1.7"
"Luke Hochevar","6943","Royals","P","","103.0","1.68056046962738","1.7"
"Mike Leake","10130","Reds","P","","138.1","0.761060655117035","1.7"
"Jake Peavy","1051","White Sox","P","","107.0","1.68376982212067","1.7"
"Jose Tabata","2411","Pirates","LF","441","","1.66218280792236","1.7"
"Francisco Cervelli","5275","Yankees","C","317","","1.64764952659607","1.6"
"Lance Berkman","548","- - -","1B","481","","1.64762046560645","1.6"
"Mark Reynolds","7619","Diamondbacks","3B","596","","1.64593863487244","1.6"
"Adam Rosales","9682","Athletics","2B","279","","1.64482855796814","1.6"
"Kendrys Morales","8610","Angels","1B","211","","1.64408028125763","1.6"
"Kyle Davies","3642","Royals","P","","183.2","1.66022706031799","1.6"
"Carlos Santana","2396","Indians","C","192","","1.63318824768066","1.6"
"John Axford","9059","Brewers","P","","58.0","1.6322728395462","1.6"
"Tom Gorzelanny","6244","Cubs","P","","136.1","1.84287893772125","1.6"
"Jeff Francis","4684","Rockies","P","","104.1","1.65171051025391","1.6"
"Jason Repko","2628","Twins","RF","146","","1.59653353691101","1.6"
"Joe Blanton","4849","Phillies","P","","175.2","1.7586897611618","1.6"
"John Buck","2041","Blue Jays","C","437","","1.58895540237427","1.6"
"Barry Zito","944","Giants","P","","199.1","1.77158117294312","1.5"
"Hisanori Takahashi","10091","Mets","P","","122.0","1.71287286281586","1.5"
"Carlos Silva","973","Cubs","P","","113.0","1.68290495872498","1.5"
"David Eckstein","10","Padres","2B","492","","1.53666424751282","1.5"
"Chris Denorfia","4400","Padres","CF/LF","317","","1.53008854389191","1.5"
"Paul Maholm","8678","Pirates","P","","185.1","1.85123193264008","1.5"
"Pedro Alvarez","2495","Pirates","3B","386","","1.51614880561829","1.5"
"Darren Oliver","206","Rangers","P","","61.2","1.51145243644714","1.5"
"Jerry Hairston","144","Padres","2B/SS","476","","1.49968314170837","1.5"
"Hideki Matsui","1659","Angels","DH","558","","1.49231362342834","1.5"
"Ivan Rodriguez","1275","Nationals","C","421","","1.48557651042938","1.5"
"Francisco Rodriguez","1642","Mets","P","","57.1","1.48134768009186","1.5"
"Ryan Ludwick","1260","- - -","RF","553","","1.46262657642365","1.5"
"Austin Kearns","332","- - -","LF","461","","1.46248143911362","1.5"
"J.J. Putz","1795","White Sox","P","","54.0","1.46080207824707","1.5"
"Reid Brignac","8380","Rays","2B/SS","326","","1.45284783840179","1.5"
"Jon Garland","232","Padres","P","","200.0","0.93054187297821","1.4"
"Brian Duensing","4064","Twins","P","","130.2","1.44852483272552","1.4"
"Andruw Jones","96","White Sox","RF","328","","1.42960035800934","1.4"
"Gregg Zaun","580","Brewers","C","117","","1.42373704910278","1.4"
"Brian Roberts","166","Orioles","2B","261","","1.40221333503723","1.4"
"Juan Oviedo","2886","Marlins","P","","65.0","1.39108645915985","1.4"
"Mitch Talbot","4961","Indians","P","","159.1","1.4473911523819","1.4"
"Tyler Clippard","5640","Nationals","P","","91.0","1.30683958530426","1.4"
"Bobby Jenks","8645","White Sox","P","","52.2","1.37648522853851","1.4"
"Derrek Lee","525","- - -","1B","626","","1.37404650449753","1.4"
"Nick Punto","1429","Twins","3B/SS","288","","1.3719345331192","1.4"
"Tim Stauffer","6432","Padres","P","","82.2","1.18920266628265","1.4"
"Laynce Nix","1766","Reds","LF","182","","1.36289811134338","1.4"
"James McDonald","5523","- - -","P","","71.2","1.49705550447106","1.4"
"Don Kelly","2216","Tigers","LF","251","","1.35197734832764","1.4"
"Randy Wolf","976","Brewers","P","","215.2","0.794415235519409","1.3"
"A.J. Burnett","512","Yankees","P","","186.2","1.38348186016083","1.3"
"Jeff Keppinger","3856","Astros","2B","575","","1.33948564529419","1.3"
"Chone Figgins","1580","Mariners","2B","702","","1.33799457550049","1.3"
"Clay Hensley","4593","Marlins","P","","75.0","1.36440539360046","1.3"
"Koji Uehara","9227","Orioles","P","","44.0","1.33641791343689","1.3"
"Jorge De La Rosa","2047","Rockies","P","","121.2","1.38344383239746","1.3"
"Jeff Niemann","8591","Rays","P","","174.1","1.39532208442688","1.3"
"Daniel Bard","7115","Red Sox","P","","74.2","1.33296489715576","1.3"
"Joel Hanrahan","2186","Pirates","P","","69.2","1.32748472690582","1.3"
"Jhonny Peralta","1738","- - -","3B/SS","615","","1.32742750644684","1.3"
"Joba Chamberlain","2692","Yankees","P","","71.2","1.32275331020355","1.3"
"Jonny Venters","7175","Braves","P","","83.0","1.32487869262695","1.3"
"Mike Aviles","5986","Royals","2B","448","","1.30752944946289","1.3"
"Freddy Garcia","1077","White Sox","P","","157.0","1.38827884197235","1.3"
"Luke Gregerson","4090","Padres","P","","78.1","1.29855000972748","1.3"
"Bruce Chen","769","Royals","P","","140.1","1.17107319831848","1.3"
"Casper Wells","9700","Tigers","RF","99","","1.29123055934906","1.3"
"Craig Stammen","7274","Nationals","P","","128.0","0.994048237800598","1.3"
"Jason Bay","1717","Mets","LF","401","","1.27438461780548","1.3"
"Jon Rauch","1475","Twins","P","","57.2","1.28399133682251","1.3"
"Seth Smith","7331","Rockies","RF/LF","398","","1.26550483703613","1.3"
"Jason Bartlett","8219","Rays","SS","532","","1.26135277748108","1.3"
"Chris Heisey","3978","Reds","RF/CF/LF","226","","1.25378501415253","1.3"
"Kris Medlen","9417","Braves","P","","107.2","1.02572381496429","1.3"
"Aaron Hill","6104","Blue Jays","2B","580","","1.24221920967102","1.2"
"Esmil Rogers","6317","Rockies","P","","72.0","1.22929096221924","1.2"
"Grant Balfour","718","Rays","P","","55.1","1.23500692844391","1.2"
"Travis Snider","2830","Blue Jays","RF/LF","319","","1.23103976249695","1.2"
"Julio Borbon","3209","Rangers","CF","468","","1.23080277442932","1.2"
"Bronson Arroyo","978","Reds","P","","215.2","1.26693189144135","1.2"
"Lorenzo Cain","9077","Brewers","CF","158","","1.22578907012939","1.2"
"Kurt Suzuki","8259","Athletics","C","544","","1.22228300571442","1.2"
"Ramon Castro","514","White Sox","C","128","","1.22215890884399","1.2"
"Trevor Bell","7074","Angels","P","","61.0","1.21201014518738","1.2"
"Lyle Overbay","1617","Blue Jays","1B","608","","1.19333803653717","1.2"
"Takashi Saito","6021","Braves","P","","54.0","1.20068049430847","1.2"
"Kosuke Fukudome","3263","Cubs","RF","429","","1.17657649517059","1.2"
"Sergio Romo","9817","Giants","P","","62.0","1.19956529140472","1.2"
"Tim Wakefield","219","Red Sox","P","","140.0","1.18291699886322","1.2"
"Wilton Lopez","4227","Astros","P","","67.0","1.16702222824097","1.2"
"Ryan Madson","1852","Phillies","P","","53.0","1.17642033100128","1.2"
"Erick Aybar","4082","Angels","SS","589","","1.15992510318756","1.2"
"Sean Burnett","1886","Nationals","P","","63.0","1.15405547618866","1.2"
"Emilio Bonifacio","4054","Marlins","CF","201","","1.15401089191437","1.2"
"Brendan Ryan","6073","Cardinals","SS","486","","1.15342283248901","1.2"
"Edgar Renteria","1178","Giants","SS","267","","1.15031051635742","1.2"
"A.J. Pierzynski","746","White Sox","C","503","","1.1492645740509","1.1"
"Scott Feldman","6283","Rangers","P","","141.1","1.12461674213409","1.1"
"Joel Zumaya","4699","Tigers","P","","38.1","1.1444787979126","1.1"
"Rajai Davis","3708","Athletics","CF/LF","561","","1.13986337184906","1.1"
"Phil Coke","5535","Tigers","P","","64.2","1.13395595550537","1.1"
"Brandon Lyon","1312","Astros","P","","78.0","1.1274049282074","1.1"
"Wade Davis","7441","Rays","P","","168.0","1.13641309738159","1.1"
"David Freese","9549","Cardinals","3B","270","","1.12322604656219","1.1"
"Manny Ramirez","210","- - -","LF/DH","320","","1.12082874774933","1.1"
"Wilson Betemit","1861","Royals","3B","315","","1.11419820785522","1.1"
"Raul Ibanez","607","Phillies","LF","636","","1.1084760427475","1.1"
"Jon Jay","5227","Cardinals","RF/CF","323","","1.1005711555481","1.1"
"Pablo Sandoval","5409","Giants","3B","616","","1.09685587882996","1.1"
"Alex Sanabia","5350","Marlins","P","","72.1","1.30275809764862","1.1"
"Darren O'Day","3321","Rangers","P","","62.0","1.08307373523712","1.1"
"Matt Capps","4788","- - -","P","","73.0","1.09310472011566","1.1"
"Vladimir Guerrero","778","Rangers","DH","643","","1.07715678215027","1.1"
"Scott Downs","773","Blue Jays","P","","61.1","1.07573580741882","1.1"
"Kevin Millwood","106","Orioles","P","","190.2","1.13777470588684","1.1"
"Frank Francisco","1933","Rangers","P","","52.2","1.07033205032349","1.1"
"Joe Saunders","4366","- - -","P","","203.1","1.21695291996002","1.1"
"Maicer Izturis","2437","Angels","2B/3B","238","","1.0670177936554","1.1"
"Andrew Bailey","1368","Athletics","P","","49.0","1.04988133907318","1.0"
"Gregor Blanco","3123","- - -","CF","269","","1.04982373118401","1.0"
"Will Rhymes","9802","Tigers","2B","213","","1.04605758190155","1.0"
"Carlos Pena","934","Rays","1B","582","","1.03602457046509","1.0"
"Joe Thatcher","4620","Padres","P","","35.0","1.02900421619415","1.0"
"Chris Johnson","1191","Astros","3B","362","","1.02591896057129","1.0"
"Alexi Casilla","5248","Twins","2B/SS","170","","0.995735585689545","1.0"
"Chris Perez","5213","Indians","P","","63.0","0.982879936695099","1.0"
"Brad Penny","535","Cardinals","P","","55.2","0.9090735912323","1.0"
"Jonathan Broxton","4759","Dodgers","P","","62.1","0.978175044059753","1.0"
"Dexter Fowler","4062","Rockies","CF","505","","0.976666390895844","1.0"
"John Jaso","5887","Rays","C","404","","0.971674740314484","1.0"
"Jeff Baker","2073","Cubs","2B/3B","224","","0.971602499485016","1.0"
"Kenley Jansen","3096","Dodgers","P","","27.0","0.864928722381592","1.0"
"Josh Thole","9689","Mets","C","227","","0.965137422084808","1.0"
"Kevin Jepsen","6475","Angels","P","","59.0","0.964739620685577","1.0"
"Aaron Cook","1571","Rockies","P","","127.2","1.08136558532715","1.0"
"Josh Beckett","510","Red Sox","P","","127.2","0.963074028491974","1.0"
"Logan Morrison","9205","Marlins","LF","287","","0.956619143486023","1.0"
"Evan Meek","5109","Pirates","P","","80.0","0.829691827297211","1.0"
"Nick Masset","7267","Reds","P","","76.2","0.945127904415131","0.9"
"Ross Ohlendorf","8268","Pirates","P","","108.1","1.05807721614838","0.9"
"Michael Morse","3035","Nationals","RF","293","","0.929518640041351","0.9"
"Jonathan Papelbon","5975","Red Sox","P","","67.0","0.917695760726929","0.9"
"Shelley Duncan","3620","Indians","LF","259","","0.917123794555664","0.9"
"Vicente Padilla","964","Dodgers","P","","95.0","0.767282545566559","0.9"
"Chris Volstad","9901","Marlins","P","","175.0","1.31659638881683","0.9"
"Alexi Ogando","10261","Rangers","P","","41.2","0.849625587463379","0.9"
"Jair Jurrjens","5556","Braves","P","","116.1","0.89697539806366","0.9"
"Tommy Hunter","1157","Rangers","P","","128.0","0.915244519710541","0.9"
"Chris Coghlan","6878","Marlins","LF","400","","0.898150086402893","0.9"
"Ryan Howard","2154","Phillies","1B","620","","0.896475613117218","0.9"
"Sergio Santos","4734","White Sox","P","","51.2","0.894356310367584","0.9"
"Jeremy Bonderman","1667","Tigers","P","","171.0","0.912271082401276","0.9"
"Asdrubal Cabrera","4962","Indians","SS","425","","0.882491171360016","0.9"
"Corey Patterson","300","Orioles","LF","341","","0.88037109375","0.9"
"Alberto Callaspo","3336","- - -","3B","601","","0.864309947937727","0.9"
"Paul Janish","7412","Reds","SS","228","","0.864211440086365","0.9"
"Robinson Tejeda","2575","Royals","P","","61.0","0.861441969871521","0.9"
"Darnell McDonald","1867","Red Sox","RF/CF","363","","0.847452461719513","0.8"
"Ryan Sweeney","6352","Athletics","RF","331","","0.841615378856659","0.8"
"Eli Whiteside","3536","Giants","C","141","","0.840824723243713","0.8"
"Nelson Figueroa","683","- - -","P","","93.0","0.750700294971466","0.8"
"Derek Holland","4141","Rangers","P","","57.1","0.836100161075592","0.8"
"Kyle Farnsworth","278","- - -","P","","64.2","0.828893825411797","0.8"
"Gordon Beckham","9015","White Sox","2B","498","","0.826367914676666","0.8"
"Jake Arrieta","4153","Orioles","P","","100.1","0.820981681346893","0.8"
"Jason Frasor","1906","Blue Jays","P","","63.2","0.818069100379944","0.8"
"Miguel Tejada","941","- - -","3B/SS","681","","0.817948222160339","0.8"
"Bobby Wilson","6564","Angels","C","106","","0.814054310321808","0.8"
"Arthur Rhodes","1097","Reds","P","","55.0","0.812168300151825","0.8"
"Huston Street","8258","Rockies","P","","47.1","0.818945527076721","0.8"
"Donnie Murphy","4704","Marlins","3B/SS","47","","0.798097431659698","0.8"
"Ben Sheets","710","Athletics","P","","119.1","0.748878717422485","0.8"
"Ronny Cedeno","2179","Pirates","SS","502","","0.792479157447815","0.8"
"Nick Hundley","3376","Padres","C","307","","0.788294076919556","0.8"
"Brooks Conrad","3664","Braves","3B","177","","0.787619590759277","0.8"
"Humberto Quintero","1824","Astros","C","276","","0.783968329429626","0.8"
"James Loney","4556","Dodgers","1B","648","","0.78353351354599","0.8"
"Ian Desmond","6885","Nationals","SS","574","","0.767559170722961","0.8"
"Pedro Feliciano","1601","Mets","P","","62.2","0.765621960163116","0.8"
"Jason Michaels","1399","Astros","LF","203","","0.742814779281616","0.7"
"Brennan Boesch","914","Tigers","RF/LF","512","","0.742788732051849","0.7"
"Bobby Parnell","9926","Mets","P","","35.0","0.755076050758362","0.7"
"David Hernandez","4259","Orioles","P","","79.1","0.779256701469421","0.7"
"David Robertson","8241","Yankees","P","","61.1","0.737049043178558","0.7"
"Kenshin Kawakami","9225","Braves","P","","87.1","0.661088883876801","0.7"
"Wade LeBlanc","5221","Padres","P","","146.0","0.242183774709702","0.7"
"Miguel Cairo","1412","Reds","3B","226","","0.72650420665741","0.7"
"Corky Miller","342","Reds","C","79","","0.723897933959961","0.7"
"Craig Tatum","7468","Orioles","C","126","","0.72264164686203","0.7"
"Ian Stewart","5950","Rockies","3B","441","","0.721921682357788","0.7"
"Marcus Thames","1523","Yankees","LF/DH","237","","0.719756960868835","0.7"
"Blake DeWitt","7485","- - -","2B","496","","0.713985770940781","0.7"
"Jason Berken","5673","Orioles","P","","62.1","0.71282559633255","0.7"
"Carlos Beltran","589","Mets","CF","255","","0.709463596343994","0.7"
"Ryan Webb","7474","Padres","P","","59.0","0.720241010189056","0.7"
"Gerardo Parra","8553","Diamondbacks","RF/LF","393","","0.706059813499451","0.7"
"Kevin Gregg","1793","Blue Jays","P","","59.0","0.70561271905899","0.7"
"Josh Tomlin","9388","Indians","P","","73.0","0.700662016868591","0.7"
"Adam LaRoche","1904","Diamondbacks","1B","615","","0.698579907417297","0.7"
"Edinson Volquez","3990","Reds","P","","62.2","0.749156475067139","0.7"
"Mitch Moreland","3086","Rangers","1B","173","","0.691625118255615","0.7"
"Michael Gonzalez","1794","Orioles","P","","24.2","0.691287517547607","0.7"
"Jesse Crain","4817","Twins","P","","68.0","0.702712118625641","0.7"
"Nate Schierholtz","6201","Giants","RF","252","","0.685687661170959","0.7"
"Ryan Langerhans","98","Mariners","LF","132","","0.680903255939484","0.7"
"Joel Peralta","2332","Nationals","P","","49.0","0.71856027841568","0.7"
"John Lannan","7080","Nationals","P","","143.1","0.735053777694702","0.7"
"Drew Storen","6983","Nationals","P","","55.1","0.618424892425537","0.7"
"Brayan Pena","3231","Royals","C","174","","0.664718449115753","0.7"
"Orlando Cabrera","766","Reds","SS","537","","0.659616827964783","0.7"
"Jose Contreras","1660","Phillies","P","","56.2","0.658006012439728","0.7"
"Ross Gload","1538","Phillies","1B/RF","138","","0.654524147510529","0.7"
"J.A. Happ","7410","- - -","P","","87.1","0.98638191819191","0.6"
"Jarrod Dyson","4866","Royals","CF","65","","0.644248843193054","0.6"
"Nyjer Morgan","4885","Nationals","CF","577","","0.641152560710907","0.6"
"Rick Ankiel","1142","- - -","CF","240","","0.640888690948486","0.6"
"Santiago Casilla","2873","Giants","P","","55.1","0.620941638946533","0.6"
"Armando Galarraga","4222","Tigers","P","","144.1","0.68530261516571","0.6"
"Jose Valverde","1726","Tigers","P","","63.0","0.61661571264267","0.6"
"Nate Robertson","1620","- - -","P","","101.1","0.451995447278023","0.6"
"Reggie Willits","5590","Angels","CF/LF","182","","0.604857385158539","0.6"
"Jim Johnson","3656","Orioles","P","","26.1","0.587980210781097","0.6"
"Aaron Laffey","6248","Indians","P","","55.2","0.600512325763702","0.6"
"Zach Braddock","4553","Brewers","P","","33.2","0.587949097156525","0.6"
"Chris Sale","10603","White Sox","P","","23.1","0.585985004901886","0.6"
"Eric Hinske","1305","Braves","1B/LF","320","","0.584247589111328","0.6"
"Aroldis Chapman","10233","Reds","P","","13.1","0.581134557723999","0.6"
"Aaron Harang","1451","Reds","P","","111.2","0.695745527744293","0.6"
"John McDonald","395","Blue Jays","2B/3B/SS","163","","0.57169908285141","0.6"
"Michael Saunders","9981","Mariners","LF","327","","0.569523453712463","0.6"
"Yuniesky Betancourt","8585","Royals","SS","588","","0.562339007854462","0.6"
"Aaron Cunningham","4087","Padres","RF/LF","147","","0.557867109775543","0.6"
"Scott Cousins","173","Marlins","RF/CF","38","","0.548494517803192","0.5"
"John Ely","6132","Dodgers","P","","100.0","0.729224741458893","0.5"
"Joe Inglett","7254","Brewers","RF/LF","160","","0.523645997047424","0.5"
"Mike Sweeney","634","- - -","1B/DH","168","","0.533968121977523","0.5"
"Danny Worth","198","Tigers","2B/SS","115","","0.533869206905365","0.5"
"Jeremy Hellickson","4371","Rays","P","","36.1","0.532284080982208","0.5"
"Pat Misch","5909","Mets","P","","37.2","0.561065971851349","0.5"
"Brandon Allen","7436","Diamondbacks","LF","56","","0.520229697227478","0.5"
"Javier Lopez","1663","- - -","P","","57.2","0.531192812602967","0.5"
"Shawn Hill","1882","Blue Jays","P","","20.2","0.514503598213196","0.5"
"Matt Stairs","1384","Padres","LF","111","","0.513604640960693","0.5"
"Brad Bergesen","8375","Orioles","P","","170.0","0.470320343971252","0.5"
"Darwin Barney","2430","Cubs","2B/SS","85","","0.499966382980347","0.5"
"Brandon Beachy","8851","Braves","P","","15.0","0.443001270294189","0.5"
"Jason Varitek","217","Red Sox","C","123","","0.49214842915535","0.5"
"Osvaldo Martinez","3900","Marlins","SS","48","","0.48763045668602","0.5"
"Jason Donald","9331","Indians","2B/SS","325","","0.485988408327103","0.5"
"Wilson Ramos","1433","- - -","C","82","","0.476515009999275","0.5"
"Craig Breslow","4363","Athletics","P","","74.2","0.469047993421555","0.5"
"Lastings Milledge","6441","Pirates","RF/LF","412","","0.46174755692482","0.5"
"Ryan Kalish","6962","Red Sox","CF","179","","0.458224236965179","0.5"
"Danny Espinosa","9219","Nationals","2B","112","","0.457260459661484","0.5"
"Juan Rivera","843","Angels","LF","455","","0.452584058046341","0.5"
"Scott Podsednik","1095","- - -","LF","595","","0.451489210128784","0.5"
"Bill Hall","1605","Red Sox","2B/LF","382","","0.44493493437767","0.5"
"Luke Carlin","4666","Indians","C","16","","0.446675568819046","0.4"
"Wilson Valdez","1863","Phillies","2B/SS","363","","0.444134473800659","0.4"
"Manny Corpas","2807","Rockies","P","","62.1","0.432985812425613","0.4"
"Ben Francisco","4677","Phillies","RF/LF","197","","0.441509604454041","0.4"
"Craig Kimbrel","6655","Braves","P","","20.2","0.440916180610657","0.4"
"Carlos Carrasco","6632","Indians","P","","44.2","0.439137667417526","0.4"
"Luis Castillo","513","Mets","2B","299","","0.437373042106628","0.4"
"Jason Motte","5861","Cardinals","P","","52.1","0.462909728288651","0.4"
"Randy Choate","813","Rays","P","","44.2","0.432615458965302","0.4"
"Mitch Maier","5588","Royals","RF/CF","421","","0.430761992931366","0.4"
"Jose Lopez","3114","Mariners","3B","622","","0.427645623683929","0.4"
"Ivan Nova","1994","Yankees","P","","42.0","0.425615519285202","0.4"
"Fred Lewis","4693","Blue Jays","LF","480","","0.424015283584595","0.4"
"Alcides Escobar","6310","Brewers","SS","552","","0.423483908176422","0.4"
"Ronny Paulino","2129","Marlins","C","344","","0.423026561737061","0.4"
"Casey Coleman","8270","Cubs","P","","57.0","0.477767467498779","0.4"
"Robert Andino","4900","Orioles","2B/3B/SS","66","","0.415327966213226","0.4"
"Matt Tolbert","7365","Twins","2B/3B","100","","0.413750946521759","0.4"
"Daniel Descalso","8392","Cardinals","3B","37","","0.411888957023621","0.4"
"Mike Minor","10021","Braves","P","","40.2","0.500488102436066","0.4"
"Cameron Maybin","5223","Marlins","CF","322","","0.407596588134766","0.4"
"Mike McCoy","4583","Blue Jays","2B","90","","0.402222245931625","0.4"
"Kelly Shoppach","3867","Rays","C","187","","0.398104608058929","0.4"
"Raul Valdes","1953","Mets","P","","58.2","0.113551422953606","0.4"
"Jordan Walden","3271","Angels","P","","15.1","0.37977322936058","0.4"
"Jonathan Herrera","4182","Rockies","2B","257","","0.37558576464653","0.4"
"Felix Pie","3751","Orioles","LF","308","","0.372982800006866","0.4"
"Eric O'Flaherty","5746","Braves","P","","44.0","0.372904300689697","0.4"
"Craig Counsell","52","Brewers","3B/SS","230","","0.371404707431793","0.4"
"DeWayne Wise","1554","Blue Jays","RF/CF","118","","0.369930893182755","0.4"
"Brad Lidge","563","Phillies","P","","45.2","0.368097275495529","0.4"
"Brandon League","3731","Mariners","P","","79.0","0.366958647966385","0.4"
"Brian Schneider","795","Phillies","C","147","","0.361618757247925","0.4"
"Carlos Gomez","4881","Brewers","CF","318","","0.359993815422058","0.4"
"Ernesto Frieri","5178","Padres","P","","31.2","0.36868280172348","0.4"
"Drew Sutton","7430","- - -","2B/SS","42","","0.35302010178566","0.4"
"Jayson Nix","3790","- - -","2B/3B","363","","0.35276198387146","0.4"
"Marc Rzepczynski","6612","Blue Jays","P","","63.2","0.348979622125626","0.3"
"Doug Slaten","3107","Nationals","P","","40.2","0.346701949834824","0.3"
"Philip Humber","8586","Royals","P","","21.2","0.344909995794296","0.3"
"Rafael Perez","4078","Indians","P","","61.0","0.343287140130997","0.3"
"Jeanmar Gomez","9033","Indians","P","","57.2","0.342190831899643","0.3"
"Dillon Gee","7396","Mets","P","","33.0","0.321820259094238","0.3"
"Boone Logan","5525","Yankees","P","","40.0","0.339960306882858","0.3"
"Mark Hendrickson","1574","Orioles","P","","75.1","0.339867979288101","0.3"
"Josh Bard","1578","Mariners","C","126","","0.336263686418533","0.3"
"Manny Acosta","8725","Mets","P","","39.2","0.335624754428864","0.3"
"D.J. Carrasco","1666","- - -","P","","78.1","0.413202360272408","0.3"
"Mark Rogers","4083","Brewers","P","","10.0","0.283068150281906","0.3"
"Jensen Lewis","3384","Indians","P","","36.1","0.32795313000679","0.3"
"Brian Burres","3425","Pirates","P","","79.1","0.372713565826416","0.3"
"Dan Runzler","4080","Giants","P","","32.2","0.326845109462738","0.3"
"Burke Badenhop","9736","Marlins","P","","67.2","0.322724401950836","0.3"
"David Purcey","8360","Blue Jays","P","","34.0","0.30819234251976","0.3"
"Kyle Kendrick","6230","Phillies","P","","180.2","0.504669189453125","0.3"
"Steve Pearce","9957","Pirates","1B","38","","0.306989341974258","0.3"
"Henry Rodriguez","6371","Athletics","P","","27.2","0.305768698453903","0.3"
"Justin Maxwell","6827","Nationals","RF/CF","131","","0.30457866191864","0.3"
"Francisco Cordero","1243","Reds","P","","72.2","0.318161994218826","0.3"
"Michael Kirkman","9877","Rangers","P","","16.1","0.303055047988892","0.3"
"Robbie Weinhardt","8479","Tigers","P","","29.1","0.293619990348816","0.3"
"Matt Downs","957","- - -","2B","109","","0.292720824480057","0.3"
"David Herndon","9264","Phillies","P","","52.1","0.315391927957535","0.3"
"Conor Jackson","5997","- - -","LF","241","","0.287641033530235","0.3"
"Chris Young","3196","Padres","P","","20.0","0.30269381403923","0.3"
"Reed Johnson","1702","Dodgers","LF","215","","0.279343098402023","0.3"
"Antonio Bastardo","8844","Phillies","P","","18.2","0.278784811496735","0.3"
"Jay Gibbons","141","Dodgers","LF","80","","0.27628156542778","0.3"
"Michael Kohn","8505","Angels","P","","21.1","0.273523300886154","0.3"
"Jeff Francoeur","4792","- - -","RF","503","","0.27276411652565","0.3"
"Kyle Lohse","739","Cardinals","P","","92.0","0.509830236434937","0.3"
"Jose Mijares","4140","Twins","P","","32.2","0.26565608382225","0.3"
"David Aardsma","1902","Mariners","P","","49.2","0.260704278945923","0.3"
"Matt Diaz","1771","Braves","LF","244","","0.259277671575546","0.3"
"Ryan Perry","8799","Tigers","P","","62.2","0.257980495691299","0.3"
"Mark Melancon","4264","- - -","P","","21.1","0.251972703263164","0.3"
"Wil Ledezma","1669","Pirates","P","","19.2","0.251268804073334","0.3"
"Shawn Camp","1855","Blue Jays","P","","72.1","0.186830148100853","0.2"
"Jeff Manship","6865","Twins","P","","29.0","0.258070290088654","0.2"
"Chris Resop","3799","- - -","P","","21.0","0.243436163291335","0.2"
"Adam Kennedy","19","Nationals","1B/2B","389","","0.237974911928177","0.2"
"Jay Payton","890","Rockies","LF","36","","0.237539544701576","0.2"
"Matt Lindstrom","4604","Astros","P","","53.1","0.234812125563622","0.2"
"Brian Fuentes","429","- - -","P","","48.0","0.232869196683168","0.2"
"Clint Barmes","1830","Rockies","2B/SS","432","","0.231627434492111","0.2"
"Chris Valaika","1165","Reds","2B","40","","0.231534242630005","0.2"
"Gustavo Chacin","2060","Astros","P","","38.1","0.0716766938567162","0.2"
"Rod Barajas","45","- - -","C","339","","0.229205846786499","0.2"
"Adam Russell","7334","Padres","P","","15.2","0.228773832321167","0.2"
"Matt Pagnozzi","6046","Cardinals","C","44","","0.228609800338745","0.2"
"Vance Worley","6435","Phillies","P","","13.0","0.268249064683914","0.2"
"Kameron Loe","4422","Brewers","P","","58.1","0.25326070189476","0.2"
"Dayan Viciedo","3917","White Sox","3B","106","","0.222114264965057","0.2"
"Felix Doubront","1478","Red Sox","P","","25.0","0.219363540410995","0.2"
"Tyler Greene","4675","Cardinals","2B/SS","122","","0.218886807560921","0.2"
"Brad Hawpe","1885","- - -","RF","346","","0.217608815059066","0.2"
"Kanekoa Texeira","334","- - -","P","","61.1","0.229226306080818","0.2"
"Dane Sardinha","353","Phillies","C","40","","0.214348807930946","0.2"
"Donny Lucy","7498","White Sox","C","18","","0.212532699108124","0.2"
"Welington Castillo","3256","Cubs","C","21","","0.212350592017174","0.2"
"Kyle Drabek","4359","Blue Jays","P","","17.0","0.211227104067802","0.2"
"Roger Bernadina","6421","Nationals","RF/LF","461","","0.210494488477707","0.2"
"Manny Parra","4279","Brewers","P","","122.0","-0.0113639310002327","0.2"
"Casey Janssen","7355","Blue Jays","P","","68.2","0.221256539225578","0.2"
"Carlos Guillen","1079","Tigers","2B","275","","0.200475782155991","0.2"
"Octavio Dotel","555","- - -","P","","64.0","0.212665189057589","0.2"
"Brett Carroll","8066","Marlins","RF/LF","90","","0.194031074643135","0.2"
"Ryan Budde","3768","Angels","C","11","","0.193801060318947","0.2"
"Boof Bonser","2159","- - -","P","","25.0","0.193118404597044","0.2"
"Erick Threets","3158","White Sox","P","","12.1","0.188841789960861","0.2"
"Matt Maloney","9920","Reds","P","","20.2","0.134739220142365","0.2"
"Luke Hughes","4898","Twins","3B","7","","0.187687501311302","0.2"
"Pedro Ciriaco","5278","Pirates","SS","6","","0.187347128987312","0.2"
"Brad Thomas","757","Tigers","P","","69.1","0.182180896401405","0.2"
"Mike McClendon","9587","Brewers","P","","21.0","0.133795991539955","0.2"
"Fernando Rodney","494","Angels","P","","68.0","0.179731786251068","0.2"
"Travis Schlichting","3847","Dodgers","P","","22.2","0.192670926451683","0.2"
"Will Ohman","296","- - -","P","","42.0","0.175503931939602","0.2"
"Kerry Wood","304","- - -","P","","46.0","0.18269918859005","0.2"
"Matt Reynolds","8887","Rockies","P","","18.0","0.128208890557289","0.2"
"Tony Pena","4573","White Sox","P","","100.2","0.169125348329544","0.2"
"Scott Olsen","4529","Nationals","P","","81.0","0.37799271941185","0.2"
"John Mayberry","3390","Phillies","RF/CF","13","","0.167398944497108","0.2"
"Cody Ransom","1126","Phillies","2B/3B","46","","0.166488364338875","0.2"
"Ramon Ramirez","7986","- - -","P","","69.1","0.165838576853275","0.2"
"Bill Bray","8538","Reds","P","","28.1","0.163807809352875","0.2"
"Guillermo Mota","1467","Giants","P","","54.0","0.189694598317146","0.2"
"Jamie Moyer","1091","Phillies","P","","111.2","0.248098969459534","0.2"
"Dan Cortes","4027","Mariners","P","","5.1","0.155313327908516","0.2"
"Brian Sanches","2739","Marlins","P","","63.2","0.168894320726395","0.2"
"Kila Ka'aihue","4707","Royals","1B/DH","206","","0.154896110296249","0.2"
"David Pauley","3625","Mariners","P","","90.2","0.154455736279488","0.2"
"Chris Capuano","1701","Brewers","P","","66.0","0.32660037279129","0.2"
"Chad Durbin","1442","Phillies","P","","68.2","0.180831402540207","0.2"
"Javier Vazquez","801","Yankees","P","","157.1","0.0264004487544298","0.2"
"Jai Miller","5715","Royals","RF","60","","0.151467248797417","0.2"
"Tyler Walker","901","Nationals","P","","35.1","0.178774476051331","0.2"
"Justin Duchscherer","910","Athletics","P","","28.0","0.151008829474449","0.2"
"Jose Guillen","57","- - -","RF/DH","577","","0.149268075823784","0.1"
"Josh Fields","7490","Royals","3B","50","","0.147491425275803","0.1"
"Carlos Maldonado","2034","Nationals","C","12","","0.144044443964958","0.1"
"Dan Johnson","2167","Rays","1B/DH","140","","0.140411958098412","0.1"
"Melvin Mora","157","Rockies","3B","354","","0.138443499803543","0.1"
"Daniel Herrera","4552","Reds","P","","23.0","0.151156455278397","0.1"
"Ryan Franklin","1076","Cardinals","P","","65.0","0.176778271794319","0.1"
"Juan Francisco","6978","Reds","3B","59","","0.132898345589638","0.1"
"Wil Nieves","1556","Nationals","C","172","","0.130216673016548","0.1"
"Josh Reddick","3892","Red Sox","RF","63","","0.129975348711014","0.1"
"Dusty Hughes","6164","Royals","P","","56.1","0.12783420085907","0.1"
"Luke French","7529","Mariners","P","","87.2","0.134747609496117","0.1"
"Bobby Cassevah","6950","Angels","P","","20.0","0.120820641517639","0.1"
"Rich Thompson","6422","Angels","P","","19.2","0.119816467165947","0.1"
"Mike Hampton","430","Diamondbacks","P","","4.1","0.118811473250389","0.1"
"Jeff Karstens","5879","Pirates","P","","122.2","0.393740296363831","0.1"
"Jeff Frazier","8056","Tigers","LF/DH","24","","0.117751434445381","0.1"
"Jeremy Affeldt","583","Giants","P","","50.0","0.126533821225166","0.1"
"Matt Chico","6068","Nationals","P","","5.0","0.13984115421772","0.1"
"J.D. Martin","3685","Nationals","P","","48.0","0.0944715365767479","0.1"
"Chris Leroux","7645","- - -","P","","22.2","0.111231364309788","0.1"
"Jose Veras","2063","Marlins","P","","48.0","0.110225483775139","0.1"
"Kevin Correia","1767","Padres","P","","145.0","0.102906316518784","0.1"
"Steven Hill","8211","Cardinals","C","3","","0.10781479626894","0.1"
"Juan Cruz","273","Royals","P","","5.1","0.105336882174015","0.1"
"Greg Golson","8074","Yankees","RF","23","","0.105097450315952","0.1"
"Steve Tolleson","4450","Athletics","3B/SS","53","","0.104756586253643","0.1"
"Nick Blackburn","4270","Twins","P","","161.0","0.117742776870728","0.1"
"Trever Miller","1672","Cardinals","P","","36.0","0.102668285369873","0.1"
"Luis Hernandez","3206","Mets","2B/SS","47","","0.102402672171593","0.1"
"Rich Hill","4806","Red Sox","P","","4.0","0.100531123578548","0.1"
"Matt Daley","7952","Rockies","P","","23.1","0.100280925631523","0.1"
"J.R. Towles","7348","Astros","C","51","","0.0999280661344528","0.1"
"Dan Wheeler","120","Rays","P","","48.1","0.0955222249031067","0.1"
"Clayton Mortensen","3166","Athletics","P","","6.0","0.0951947495341301","0.1"
"Jarrod Saltalamacchia","5557","- - -","C","30","","0.094701386988163","0.1"
"Milton Bradley","369","Mariners","LF/DH","278","","0.0936047583818436","0.1"
"Hideki Okajima","7763","Red Sox","P","","46.0","0.0928220152854919","0.1"
"Matt Fox","7320","- - -","P","","7.1","0.0913577321916819","0.1"
"Scott Maine","885","Cubs","P","","13.0","0.0909831821918488","0.1"
"Brad Ziegler","7293","Athletics","P","","60.2","0.0908499956130981","0.1"
"Jess Todd","3805","Indians","P","","6.0","0.0908350273966789","0.1"
"Eugenio Velez","3893","Giants","CF/LF","66","","0.0886350050568581","0.1"
"Rick VandenHurk","5099","- - -","P","","17.2","0.0870495904237032","0.1"
"Carlos Villanueva","4138","Brewers","P","","52.2","0.140972122550011","0.1"
"Chris Gimenez","7324","Indians","C","67","","0.0853709876537323","0.1"
"Mike Jacobs","2231","Mets","1B","28","","0.0851844027638435","0.1"
"Collin Balester","6883","Nationals","P","","21.0","0.0848198980093002","0.1"
"Matt Guerrier","2061","Twins","P","","71.0","0.0848181396722794","0.1"
"Jesus Colome","1198","Mariners","P","","17.0","0.0804175585508347","0.1"
"Micah Owings","4253","Reds","P","","33.1","-0.0488092564046383","0.1"
"Jerry Blevins","7841","Athletics","P","","48.2","0.0757331699132919","0.1"
"Brent Clevlen","4863","Braves","LF","4","","0.0742100849747658","0.1"
"Mike Dunn","9948","Braves","P","","19.0","0.0998425260186195","0.1"
"Esteban German","1449","Rangers","2B/DH","16","","0.0718982145190239","0.1"
"Jamey Wright","715","- - -","P","","58.1","0.0716730772983283","0.1"
"Jesse English","4454","Nationals","P","","7.0","0.0834273770451546","0.1"
"Brad Mills","4420","Blue Jays","P","","22.1","0.068155474960804","0.1"
"Jason LaRue","337","Cardinals","C","63","","0.0672518983483315","0.1"
"Taylor Teagarden","5199","Rangers","C","85","","0.0670914202928543","0.1"
"Jake McGee","7550","Rays","P","","5.0","0.0658057928085327","0.1"
"Alberto Gonzalez","4906","Nationals","2B/3B","198","","0.0625017881393433","0.1"
"Juan Miranda","7783","Yankees","1B/DH","71","","0.0624300427734852","0.1"
"Steve Cishek","6483","Marlins","P","","4.1","0.0621917210519314","0.1"
"Alfredo Figaro","8404","Tigers","P","","14.2","0.0615519545972347","0.1"
"Desmond Jennings","1965","Rays","RF/CF","24","","0.0599890910089016","0.1"
"Alejandro De Aza","3371","White Sox","RF/CF","32","","0.0590837858617306","0.1"
"Robert Coello","1149","Red Sox","P","","5.2","0.0590149164199829","0.1"
"Bobby Scales","2673","Cubs","3B","20","","0.0559496991336346","0.1"
"Sergio Mitre","1773","Yankees","P","","54.0","0.0552698895335197","0.1"
"Josh Roenicke","3241","Blue Jays","P","","19.0","0.054839700460434","0.1"
"Chris Smith","4544","Brewers","P","","3.1","0.0534240119159222","0.1"
"Brandon Snyder","9856","Orioles","1B","20","","0.0527156479656696","0.1"
"Jeremy Accardo","6428","Blue Jays","P","","6.2","0.0523183010518551","0.1"
"Aaron Miles","1844","Cardinals","2B","151","","0.0417896881699562","0.1"
"Enerio Del Rosario","4204","- - -","P","","10.0","0.049502550275065","0.0"
"Jason Bourgeois","2225","Astros","CF/LF","136","","0.0493438467383385","0.0"
"Vinnie Pestano","4782","Indians","P","","5.0","0.0486152470111847","0.0"
"Jared Burton","8346","Reds","P","","3.1","0.0478551909327507","0.0"
"Matt Albers","4300","Orioles","P","","75.2","0.0477002039551735","0.0"
"J.C. Boscan","2324","Braves","C","1","","0.0459113456308842","0.0"
"Michael Bowden","4440","Red Sox","P","","15.1","0.0447219647467136","0.0"
"Carlos Fisher","9832","Reds","P","","22.1","0.0988803580403328","0.0"
"Jeremy Jeffress","9490","Brewers","P","","10.0","0.0399959161877632","0.0"
"Brad Eldred","4328","Rockies","1B","27","","0.0398465842008591","0.0"
"Brad Kilby","9823","Athletics","P","","8.1","0.0397354960441589","0.0"
"Brian Moehler","480","Astros","P","","56.2","0.100198440253735","0.0"
"Kyle Blanks","49","Padres","LF","120","","0.0385675989091396","0.0"
"Brad Lincoln","4241","Pirates","P","","52.2","-0.254375904798508","0.0"
"Daniel Schlereth","8739","Tigers","P","","18.2","0.0375926308333874","0.0"
"Eric Sogard","7927","Athletics","2B","9","","0.0358129739761353","0.0"
"Romulo Sanchez","4170","Yankees","P","","4.1","0.0350564457476139","0.0"
"Chad Moeller","66","Yankees","C","15","","0.034897293895483","0.0"
"Chris Carter","7707","Mets","RF/LF","180","","0.0326191894710064","0.0"
"Jonathan Van Every","3409","Red Sox","RF/CF","21","","0.0856379345059395","0.0"
"Mike Hessman","1808","Mets","1B/3B","65","","0.0321928970515728","0.0"
"Scott Moore","4390","Orioles","1B/2B","96","","0.0318611599504948","0.0"
"Carlos Torres","7624","White Sox","P","","13.2","0.0305001195520163","0.0"
"Nick Johnson","828","Yankees","DH","98","","0.0304038096219301","0.0"
"Geoff Blum","550","Astros","1B/3B/SS","218","","0.0286546759307384","0.0"
"Hunter Jones","4656","Marlins","P","","1.2","0.0276616457849741","0.0"
"Jack Wilson","1017","Mariners","SS","211","","0.0274308137595654","0.0"
"Russ Springer","1652","Reds","P","","1.2","0.0260546673089266","0.0"
"Jesse Litsch","3688","Blue Jays","P","","46.2","0.0381890088319778","0.0"
"Chan Ho Park","1267","- - -","P","","63.2","0.037860095500946","0.0"
"Emmanuel Burriss","2917","Giants","2B","5","","0.0241697300225496","0.0"
"Tyson Ross","7872","Athletics","P","","39.1","0.0365328788757324","0.0"
"Ron Mahay","290","Twins","P","","34.0","0.0236738063395023","0.0"
"Royce Ring","4350","Yankees","P","","2.1","0.0216539893299341","0.0"
"George Kottaras","5506","Brewers","C","250","","0.021391075104475","0.0"
"Jon Link","3894","Dodgers","P","","8.2","0.0211950838565826","0.0"
"Gregory Infante","9119","White Sox","P","","4.2","0.0210663583129644","0.0"
"Edgmer Escalona","8574","Rockies","P","","6.0","0.0209022406488657","0.0"
"Greg Holland","7196","Royals","P","","18.2","0.019620019942522","0.0"
"Mike Ekstrom","7488","Rays","P","","16.1","0.0187704898416996","0.0"
"Delwyn Young","4563","Pirates","RF","207","","0.0177779011428356","0.0"
"Nick Evans","7595","Mets","RF/LF","37","","0.0172776933759451","0.0"
"Greg Smith","3455","Rockies","P","","39.0","-0.179873183369637","0.0"
"Max St. Pierre","2390","Tigers","C","9","","0.0159269515424967","0.0"
"Russ Ortiz","1124","Dodgers","P","","7.0","0.0155072100460529","0.0"
"Andy Marte","3203","Indians","1B/3B","188","","-0.00246179918758571","0.0"
"Chris Jakubauskas","7831","Pirates","P","","0.2","0.0144416382536292","0.0"
"Luis Durango","6533","Padres","CF","53","","0.0117574743926525","0.0"
"Brent Morel","6402","White Sox","3B","70","","0.0110010812059045","0.0"
"Matt Palmer","4457","Angels","P","","33.2","0.0100213969126344","0.0"
"Omar Vizquel","411","White Sox","3B","391","","0.00936029851436615","0.0"
"Jamie Burke","6","Nationals","C","0","","0.00850367546081543","0.0"
"Erik Kratz","4403","Pirates","C","36","","0.00786836631596088","0.0"
"Kevin Russo","3630","Yankees","3B/LF","54","","0.00531424535438418","0.0"
"Darren Ford","109","Giants","CF","0","","0.00520741427317262","0.0"
"Frank Herrmann","7960","Indians","P","","44.2","0.00513083953410387","0.0"
"Sam Demel","868","Diamondbacks","P","","37.0","0.00373426382429898","0.0"
"Aaron Rowand","254","Giants","CF","357","","0.0030621353071183","0.0"
"Eddie Bonine","5890","Tigers","P","","68.0","0.00176476105116308","0.0"
"Jeremy Reed","4730","Blue Jays","RF/LF","23","","0.00125909689813852","0.0"
"Taylor Buchholz","2168","- - -","P","","12.0","-0.0580916125327349","0.0"
"Logan Ondrusek","3677","Reds","P","","58.2","0.0560920014977455","0.0"
"Juan Rincon","752","Rockies","P","","2.0","0.0138366585597396","0.0"
"Lucas Harrell","7541","White Sox","P","","24.0","-0.0014788422267884","0.0"
"Troy Patton","8368","Orioles","P","","0.2","-0.0016749418573454","0.0"
"Andrew Oliver","10257","Tigers","P","","22.0","0.0244994219392538","0.0"
"Scott Mathieson","4771","Phillies","P","","1.2","-0.00304187391884625","0.0"
"Fernando Tatis","798","Mets","1B","72","","-0.00316406833007932","0.0"
"David Riske","402","Brewers","P","","23.1","-0.00318180094473064","0.0"
"Chad Qualls","2170","- - -","P","","59.0","-0.00390540063381195","0.0"
"Luis Cruz","3188","Brewers","SS","17","","-0.00436079828068614","0.0"
"Henry Villar","5360","Astros","P","","6.0","-0.00449271406978369","0.0"
"Zach Duke","3840","Pirates","P","","159.0","0.303022682666779","0.0"
"Roman Colon","2242","Royals","P","","2.0","-0.00490699848160148","0.0"
"Joe Beimel","979","Rockies","P","","45.0","0.00935826357454062","0.0"
"Justin James","6140","Athletics","P","","4.0","-0.00946393795311451","0.0"
"Kris Benson","982","Diamondbacks","P","","14.0","-0.0128023261204362","0.0"
"Bryan Bullington","5066","Royals","P","","42.2","-0.0101714860647917","0.0"
"Scott Strickland","897","Marlins","P","","2.0","-0.0103399809449911","0.0"
"Tobi Stoner","4591","Mets","P","","2.1","-0.0114925345405936","0.0"
"Chris Stewart","3878","Padres","C/1B","0","","-0.0115442276000977","0.0"
"Rocco Baldelli","1656","Rays","RF/DH","25","","-0.0126063609495759","0.0"
"Cory Luebke","1984","Padres","P","","17.2","0.0507136061787605","0.0"
"Justin Miller","1313","Dodgers","P","","24.1","-0.0156479366123676","0.0"
"Cesar Ramos","3357","Padres","P","","8.1","-0.0163824297487736","0.0"
"Lars Anderson","9018","Red Sox","1B","43","","-0.0165442936122417","0.0"
"Andres Blanco","1907","Rangers","2B","185","","-0.0166282244026661","0.0"
"Mark Lowe","7416","- - -","P","","13.1","-0.0179236554540694","0.0"
"Luis Atilano","3802","Nationals","P","","85.2","0.270659893751144","0.0"
"John Raynor","9450","Pirates","RF/CF","11","","-0.0183075275272131","0.0"
"Tyler Flowers","9134","White Sox","C","15","","-0.0191555060446262","0.0"
"Matt Kemp","5631","Dodgers","CF","668","","-0.019508408382535","0.0"
"Travis Ishikawa","4793","Giants","1B","173","","-0.0204883683472872","0.0"
"Guillermo Moscoso","5106","Rangers","P","","0.2","-0.0224703047424555","0.0"
"Cristhian Martinez","5337","Braves","P","","26.0","0.0319978184998035","0.0"
"Edward Mujica","3970","Padres","P","","69.2","-0.0234156213700771","0.0"
"Jarrett Hoffpauir","7554","Blue Jays","3B","37","","-0.023881122469902","0.0"
"Jose Morales","3726","Twins","C/DH","44","","-0.0243581272661686","0.0"
"Scott Hairston","1926","Padres","LF","336","","-0.0246399063616991","0.0"
"Jay Sborz","2271","Tigers","P","","0.2","-0.0249110627919436","0.0"
"Dana Eveland","5508","- - -","P","","54.1","-0.0123786497861147","0.0"
"Guillermo Quiroz","7989","Mariners","C","7","","-0.0263574812561274","0.0"
"Aramis Ramirez","1002","Cubs","3B","507","","-0.0276449508965015","0.0"
"Ross Wolf","4534","Athletics","P","","12.2","-0.0276497546583414","0.0"
"Vin Mazzaro","5231","Athletics","P","","122.1","0.0214143712073565","0.0"
"Todd Coffey","2467","Brewers","P","","62.1","-0.0155879743397236","0.0"
"Brandon Hicks","4003","Braves","3B/SS","6","","-0.0298590771853924","0.0"
"Chris Ray","6315","- - -","P","","55.2","-0.0301940441131592","0.0"
"Mike Lincoln","1457","Reds","P","","19.2","-0.018747678026557","0.0"
"Diory Hernandez","4950","Braves","SS","10","","-0.0345625169575214","0.0"
"Dale Thayer","5032","Rays","P","","2.0","-0.0357282534241676","0.0"
"Landon Powell","8361","Athletics","C","129","","-0.0363961011171341","0.0"
"LaTroy Hawkins","729","Brewers","P","","16.0","-0.0384159572422504","0.0"
"Fu-Te Ni","4199","Tigers","P","","23.0","-0.0392520241439342","0.0"
"Drew Butera","3411","Twins","C","155","","-0.0393865518271923","0.0"
"Brad Snyder","6052","Cubs","RF/LF","28","","-0.0395079143345356","0.0"
"Jay Buente","9494","Marlins","P","","11.0","-0.0398615896701813","0.0"
"Jeff Suppan","633","- - -","P","","101.1","-0.142515318468213","0.0"
"Alfredo Aceves","5164","Yankees","P","","12.0","-0.0440395884215832","0.0"
"Merkin Valdez","7019","Blue Jays","P","","1.1","-0.0444933623075485","0.0"
"Terry Evans","4295","Angels","CF","1","","-0.0450582355260849","0.0"
"Mark Hamilton","9334","Cardinals","1B","15","","-0.0452416203916073","0.0"
"Pedro Viola","5971","Orioles","P","","1.1","-0.0455175749957561","0.0"
"Denny Bautista","1947","Giants","P","","33.2","-0.106858164072037","0.0"
"Fernando Salas","4971","Cardinals","P","","30.2","-0.0467278063297272","0.0"
"Scott Proctor","1911","Braves","P","","5.2","-0.0470569431781769","0.0"
"Robert Ray","3359","Blue Jays","P","","3.2","-0.047346506267786","0.0"
"Yunesky Maya","11420","Nationals","P","","26.0","-0.0200246535241604","0.0"
"Michael Cuddyer","1534","Twins","1B/RF","675","","-0.0483857542276382","0.0"
"Hayden Penn","4893","Pirates","P","","2.1","-0.0489247143268585","0.0"
"Chris Woodward","1329","Mariners","SS","22","","-0.0503114014863968","-0.1"
"Cesar Valdez","9013","Diamondbacks","P","","20.0","0.00653987657278776","-0.1"
"Samuel Deduno","5285","Rockies","P","","2.2","-0.0510233156383038","-0.1"
"Renyel Pinto","2180","Marlins","P","","16.2","-0.0510841012001038","-0.1"
"Mitchell Boggs","3344","Cardinals","P","","67.1","-0.0124552892521024","-0.1"
"Mike Zagurski","9683","Phillies","P","","7.0","-0.0527382604777813","-0.1"
"Scott Elbert","7489","Dodgers","P","","0.2","-0.0586404614150524","-0.1"
"Jeff Marquez","7456","White Sox","P","","1.0","-0.0589124523103237","-0.1"
"Konrad Schmidt","7178","Diamondbacks","C","9","","-0.0606067664921284","-0.1"
"Alex Avila","7476","Tigers","C","333","","-0.0617021583020687","-0.1"
"Chris Hatcher","3299","Marlins","C","8","","-0.0617831721901894","-0.1"
"Mike MacDougal","612","Cardinals","P","","18.2","-0.0628905966877937","-0.1"
"Kam Mickolio","9513","Orioles","P","","3.2","-0.0660130679607391","-0.1"
"Rusty Ryal","9698","Diamondbacks","1B/LF","222","","-0.0670097023248672","-0.1"
"Edwar Ramirez","4830","Athletics","P","","11.0","-0.0677495151758194","-0.1"
"Brian Esposito","3085","Astros","C","3","","-0.0680109038949013","-0.1"
"Josh Wilson","2102","Mariners","SS","388","","-0.0698275715112686","-0.1"
"Luis Perdomo","5380","Padres","P","","1.0","-0.0701124742627144","-0.1"
"Troy Glaus","15","Braves","1B","483","","-0.0707235261797905","-0.1"
"Niuman Romero","5063","Red Sox","1B/2B","4","","-0.0723474845290184","-0.1"
"Ronnie Belliard","677","Dodgers","2B/3B","185","","-0.0727124065160751","-0.1"
"Sean West","4393","Marlins","P","","9.1","-0.0312466826289892","-0.1"
"P.J. Walters","9557","Cardinals","P","","30.0","-0.0206512194126844","-0.1"
"Rob Delaney","5100","Twins","P","","1.0","-0.0765083208680153","-0.1"
"Mark Grudzielanek","653","Indians","2B","119","","-0.0767946988344193","-0.1"
"Andrew Carpenter","9533","Phillies","P","","3.0","-0.0633528754115105","-0.1"
"Gary Majewski","2131","Astros","P","","2.0","-0.0780322179198265","-0.1"
"Anthony Slama","3064","Twins","P","","4.2","-0.0796684473752975","-0.1"
"Jonathan Albaladejo","3521","Yankees","P","","11.1","-0.0796774104237556","-0.1"
"Jason Giambi","818","Rockies","1B","222","","-0.0798382237553596","-0.1"
"Joe Martinez","3935","- - -","P","","19.2","-0.0428314432501793","-0.1"
"Aaron Heilman","1751","Diamondbacks","P","","72.0","-0.0693928673863411","-0.1"
"Josh Rupe","7206","Royals","P","","9.2","-0.0853741988539696","-0.1"
"Dontrelle Willis","1703","- - -","P","","65.2","-0.131328046321869","-0.1"
"Fernando Abad","4994","Astros","P","","19.0","-0.0727462396025658","-0.1"
"Chad Cordero","1816","Mariners","P","","9.2","-0.0873029008507729","-0.1"
"Michael Wuertz","1856","Athletics","P","","39.2","-0.0874318554997444","-0.1"
"Brian Bocock","3534","Phillies","SS","5","","-0.0882184877991676","-0.1"
"Scott Linebrink","564","White Sox","P","","57.1","-0.0883559882640839","-0.1"
"Jack Taschner","2766","- - -","P","","19.2","-0.179659191519022","-0.1"
"Allen Craig","3433","Cardinals","RF","124","","-0.0906756892800331","-0.1"
"Carlos Rosa","8529","Diamondbacks","P","","20.0","-0.0930834412574768","-0.1"
"Matt Watson","1846","Athletics","LF","33","","-0.0935468152165413","-0.1"
"Chad Tracy","1888","- - -","3B","160","","-0.0936131216585636","-0.1"
"Greg Halman","6617","Mariners","CF/LF","30","","-0.0938310101628304","-0.1"
"Joe Bisenius","7370","Nationals","P","","4.2","-0.0940497368574142","-0.1"
"Bobby Cramer","2744","Athletics","P","","23.2","-0.0956631228327751","-0.1"
"Gary Matthews Jr.","153","Mets","RF/CF","65","","-0.0963315144181252","-0.1"
"Damaso Marte","247","Yankees","P","","17.2","-0.0965962335467339","-0.1"
"Ryan Roberts","5653","Diamondbacks","LF","71","","-0.0975854098796844","-0.1"
"Garrett Olson","9889","Mariners","P","","37.2","-0.097835898399353","-0.1"
"Brian Bass","2219","Pirates","P","","7.1","-0.0854963362216949","-0.1"
"Sam LeCure","4664","Reds","P","","48.0","-0.0502479448914528","-0.1"
"Blaine Boyer","2237","Diamondbacks","P","","57.0","-0.0750507190823555","-0.1"
"Trent Oeltjen","3310","Dodgers","CF/LF","30","","-0.105143934488297","-0.1"
"Rafael Rodriguez","6417","- - -","P","","4.2","-0.105191815644503","-0.1"
"Mat Gamel","4034","Brewers","3B/LF","17","","-0.105819664895535","-0.1"
"Leo Rosales","5618","Diamondbacks","P","","16.1","-0.0772908106446266","-0.1"
"Brad Ausmus","546","Dodgers","C","71","","-0.108873784542084","-0.1"
"Chris Dickerson","7095","- - -","CF/LF","106","","-0.110206635668874","-0.1"
"Thomas Diamond","8025","Cubs","P","","29.0","-0.056131400167942","-0.1"
"Hank Blalock","1419","Rays","DH","69","","-0.112738758325577","-0.1"
"Brett Sinkbeil","9364","Marlins","P","","2.0","-0.1135308817029","-0.1"
"Glen Perkins","8041","Twins","P","","21.2","-0.115992523729801","-0.1"
"Chad Huffman","5311","Yankees","RF/LF","21","","-0.116193011403084","-0.1"
"Jordan Brown","4121","Indians","1B/LF/DH","92","","-0.117043033242226","-0.1"
"Chris Getz","3388","Royals","2B","248","","-0.117141336202621","-0.1"
"Felipe Lopez","1311","- - -","3B","441","","-0.075201615691185","-0.1"
"Andy Sonnanstine","7667","Rays","P","","81.0","-0.10555524379015","-0.1"
"Joe Nelson","108","Red Sox","P","","8.1","-0.118870861828327","-0.1"
"Jeff Gray","7718","Cubs","P","","9.1","-0.119749218225479","-0.1"
"Rhyne Hughes","9955","Orioles","1B","51","","-0.121521562337875","-0.1"
"James Houser","6113","Marlins","P","","1.1","-0.123572297394276","-0.1"
"Jo-Jo Reyes","5559","Braves","P","","3.1","-0.154307082295418","-0.1"
"Randy Williams","2362","White Sox","P","","25.0","-0.126071363687515","-0.1"
"Mitch Atkins","8369","Cubs","P","","10.0","-0.0982658714056015","-0.1"
"Pat Neshek","4682","Twins","P","","9.0","-0.12820240855217","-0.1"
"Frank Mata","4230","Orioles","P","","17.1","-0.128510355949402","-0.1"
"Jason Bulger","3915","Angels","P","","24.0","-0.128537341952324","-0.1"
"Casey Fien","3926","Tigers","P","","2.2","-0.130602329969406","-0.1"
"Brandon Kintzler","9939","Brewers","P","","7.1","-0.132308661937714","-0.1"
"Mike Nickeas","7419","Mets","C","10","","-0.133617952466011","-0.1"
"Jenrry Mejia","8476","Mets","P","","39.0","-0.167906656861305","-0.1"
"Brian Sweeney","1801","Mariners","P","","37.0","-0.122922547161579","-0.1"
"Lance Zawadzki","2369","Padres","2B/SS","42","","-0.135200053453445","-0.1"
"Daniel Stange","9404","Diamondbacks","P","","4.0","-0.138042986392975","-0.1"
"Jody Gerut","1696","Brewers","CF/LF","74","","-0.139940708875656","-0.1"
"Alex Presley","5305","Pirates","RF/CF","25","","-0.142480462789536","-0.1"
"Ty Wigginton","1491","Orioles","1B","649","","-0.14261831343174","-0.1"
"Scott Schoeneweis","33","Red Sox","P","","13.2","-0.145024180412292","-0.1"
"Paul McAnulty","4409","Angels","1B","24","","-0.14669893682003","-0.1"
"Josh Banks","5570","Astros","P","","4.0","-0.147629842162132","-0.1"
"Jorge Sosa","1228","Marlins","P","","36.2","-0.193965330719948","-0.1"
"Waldis Joaquin","6580","Giants","P","","4.2","-0.149252831935883","-0.1"
"Daniel Nava","5450","Red Sox","LF","188","","-0.149615675210953","-0.1"
"Brian Bannister","5718","Royals","P","","127.2","-0.20022776722908","-0.2"
"Barry Enright","2412","Diamondbacks","P","","99.0","-0.29891961812973","-0.2"
"Bryan Anderson","9871","Cardinals","C","35","","-0.152260392904282","-0.2"
"Craig Gentry","9571","Rangers","CF/LF","35","","-0.152867764234543","-0.2"
"Scott Atchison","2642","Red Sox","P","","60.0","-0.154550790786743","-0.2"
"Mike Baxter","4464","Padres","1B","9","","-0.155292108654976","-0.2"
"Cedrick Bowers","3293","Athletics","P","","14.0","-0.155728489160538","-0.2"
"Kevin Mulvey","6947","Diamondbacks","P","","3.0","-0.157000675797462","-0.2"
"Jacoby Ellsbury","4727","Red Sox","CF/LF","84","","-0.162307947874069","-0.2"
"Sammy Gervacio","5127","Astros","P","","3.2","-0.164741992950439","-0.2"
"Kyle McClellan","4845","Cardinals","P","","75.1","-0.213451683521271","-0.2"
"Ryan Shealy","4443","Red Sox","1B","7","","-0.16628298163414","-0.2"
"Matt Harrison","5551","Rangers","P","","78.1","-0.152764171361923","-0.2"
"Ryan Rohlinger","2621","Giants","3B/SS","18","","-0.168950125575066","-0.2"
"Hank Conger","2505","Angels","C","34","","-0.168986454606056","-0.2"
"Freddie Freeman","5361","Braves","1B","24","","-0.169600203633308","-0.2"
"Michael McKenry","9628","Rockies","C","9","","-0.170925602316856","-0.2"
"Sean White","5564","Mariners","P","","34.1","-0.171508118510246","-0.2"
"J.P. Arencibia","697","Blue Jays","C/DH","37","","-0.172500386834145","-0.2"
"Sean Green","3001","Mets","P","","9.1","-0.173572406172752","-0.2"
"Justin Germano","1938","Indians","P","","35.1","-0.175610288977623","-0.2"
"Jose Ceda","2377","Marlins","P","","8.2","-0.15073037147522","-0.2"
"Willy Taveras","1876","Nationals","RF/LF","37","","-0.178478062152863","-0.2"
"Claudio Vargas","1695","Brewers","P","","19.2","-0.137602001428604","-0.2"
"Sandy Rosario","1525","Marlins","P","","1.0","-0.179574579000473","-0.2"
"Chris Seddon","3833","Mariners","P","","22.1","-0.180933773517609","-0.2"
"Shawn Kelley","7773","Mariners","P","","25.0","-0.180988147854805","-0.2"
"Dioner Navarro","3179","Rays","C","142","","-0.181647330522537","-0.2"
"Jason Bergmann","4640","Nationals","P","","2.1","-0.183229267597198","-0.2"
"Joe Smith","3281","Indians","P","","40.0","-0.184001356363297","-0.2"
"Rommie Lewis","3588","Blue Jays","P","","18.2","-0.172224536538124","-0.2"
"Saul Rivera","2027","Diamondbacks","P","","3.2","-0.186046436429024","-0.2"
"Jesus Feliciano","2448","Mets","RF/CF/LF","119","","-0.18608184158802","-0.2"
"Dusty Brown","3420","Red Sox","C","12","","-0.186442732810974","-0.2"
"Tim Byrdak","1995","Astros","P","","38.2","-0.16253075003624","-0.2"
"Marco Estrada","1118","Brewers","P","","11.1","-0.176670163869858","-0.2"
"Evan MacLane","5576","Cardinals","P","","1.0","-0.190437510609627","-0.2"
"Jonny Gomes","1845","Reds","LF","571","","-0.193026855587959","-0.2"
"Andrew Romine","1159","Angels","SS","12","","-0.194266781210899","-0.2"
"Tim Wood","3775","Marlins","P","","27.2","-0.194865897297859","-0.2"
"Billy Buckner","8253","Diamondbacks","P","","13.0","-0.256939977407455","-0.2"
"David Huff","4257","Indians","P","","79.2","-0.172860443592072","-0.2"
"Francisco Rodriguez","6688","Angels","P","","47.1","-0.198174953460693","-0.2"
"Matt Carson","4748","Athletics","RF","83","","-0.199235156178474","-0.2"
"Pedro Strop","4070","Rangers","P","","10.2","-0.199894189834595","-0.2"
"Brandon Medders","8604","Giants","P","","15.0","-0.200164616107941","-0.2"
"Eduardo Nunez","6848","Yankees","3B/SS","53","","-0.204503923654556","-0.2"
"Paul Hoover","1212","Phillies","C","25","","-0.205421313643456","-0.2"
"Yonder Alonso","2530","Reds","1B","29","","-0.209177270531654","-0.2"
"Brett Wallace","8434","Astros","1B","159","","-0.209885254502296","-0.2"
"Mark Trumbo","6876","Angels","1B","16","","-0.210930347442627","-0.2"
"Brian Barden","4429","Marlins","3B/SS","32","","-0.212077349424362","-0.2"
"Ramiro Pena","8841","Yankees","3B/SS","167","","-0.213824838399887","-0.2"
"Zach Kroenke","4383","Diamondbacks","P","","6.2","-0.18565745651722","-0.2"
"Jhan Marinez","5830","Marlins","P","","2.2","-0.21601864695549","-0.2"
"Willie Harris","236","Nationals","RF/LF","262","","-0.216128423810005","-0.2"
"Mike Cameron","1070","Red Sox","CF","180","","-0.217022135853767","-0.2"
"Sam Fuld","8254","Cubs","CF/LF","31","","-0.218472495675087","-0.2"
"Cory Aldridge","1405","Angels","RF","13","","-0.219747975468636","-0.2"
"John Lindsey","2279","Dodgers","1B","13","","-0.219948664307594","-0.2"
"Esmailin Caridad","5284","Cubs","P","","4.0","-0.220670640468597","-0.2"
"Michael Ryan","1643","Angels","1B/LF","41","","-0.221079871058464","-0.2"
"Fernando Martinez","9210","Mets","RF/LF","22","","-0.221695616841316","-0.2"
"Brian Bogusevic","4719","Astros","CF/LF","32","","-0.222051918506622","-0.2"
"Matt Treanor","2265","Rangers","C","272","","-0.222342401742935","-0.2"
"Ronald Belisario","2203","Dodgers","P","","55.1","-0.222447127103806","-0.2"
"Garrett Jones","2714","Pirates","1B/RF","654","","-0.222792148590088","-0.2"
"Chin-lung Hu","5198","Dodgers","SS","25","","-0.226620867848396","-0.2"
"Matt Mangini","8051","Mariners","3B/DH","41","","-0.228059217333794","-0.2"
"Brian Bruney","1929","Nationals","P","","17.2","-0.230143949389458","-0.2"
"Alex Burnett","4065","Twins","P","","47.2","-0.231881693005562","-0.2"
"Mitch Stetter","5579","Brewers","P","","3.2","-0.232542172074318","-0.2"
"Wesley Wright","5960","Astros","P","","33.0","-0.124406911432743","-0.2"
"Sean O'Sullivan","9137","- - -","P","","83.2","-0.220587730407715","-0.2"
"Nick Green","1502","- - -","2B/SS","23","","-0.233573768287897","-0.2"
"Grady Sizemore","2197","Indians","CF","140","","-0.235098749399185","-0.2"
"Henry Blanco","81","Mets","C","144","","-0.235185965895653","-0.2"
"Brian Schlitter","3599","Cubs","P","","8.0","-0.235823154449463","-0.2"
"John Baker","4756","Marlins","C","88","","-0.237655401229858","-0.2"
"Dustin Moseley","7060","Yankees","P","","65.1","-0.238149046897888","-0.2"
"Justin Thomas","9910","Pirates","P","","13.0","-0.22548471391201","-0.2"
"Dennys Reyes","444","Cardinals","P","","38.0","-0.212699458003044","-0.2"
"Oswaldo Navarro","3868","Astros","SS","25","","-0.240955531597137","-0.2"
"Paul Phillips","2032","Rockies","C","25","","-0.246081471443176","-0.2"
"Eliezer Alfonzo","2331","Mariners","C","41","","-0.251483649015427","-0.3"
"Carlos Quentin","6274","White Sox","RF","527","","-0.256213068962097","-0.3"
"Anthony Varvaro","2385","Mariners","P","","4.0","-0.256855010986328","-0.3"
"Gustavo Molina","2861","Red Sox","C","7","","-0.261149883270264","-0.3"
"Mike Rivera","493","Marlins","C","17","","-0.263209789991379","-0.3"
"Xavier Paul","5963","Dodgers","RF/LF","133","","-0.265867352485657","-0.3"
"Jeff Fulchino","3532","Astros","P","","47.1","-0.252541720867157","-0.3"
"Clay Rapada","4831","Rangers","P","","9.0","-0.268795728683472","-0.3"
"Garrett Mock","7335","Nationals","P","","3.1","-0.241487592458725","-0.3"
"Ben Revere","4712","Twins","CF/LF","30","","-0.270329475402832","-0.3"
"Armando Gabino","3387","Orioles","P","","4.2","-0.271172106266022","-0.3"
"John Bowker","8276","- - -","RF/LF","167","","-0.271827589720488","-0.3"
"Anderson Hernandez","3366","- - -","2B/SS","119","","-0.272632271517068","-0.3"
"Adam Everett","1430","Tigers","SS","89","","-0.274985671043396","-0.3"
"Elmer Dessens","317","Mets","P","","47.0","-0.275208175182343","-0.3"
"Adam Stern","3568","Brewers","RF/CF","8","","-0.275849342346191","-0.3"
"Doug Davis","1244","Brewers","P","","38.1","-0.0720687061548233","-0.3"
"Brad Davis","8250","Marlins","C","123","","-0.280088007450104","-0.3"
"Brad Thompson","4911","Royals","P","","19.2","-0.280203521251678","-0.3"
"Brandon Moss","4467","Pirates","RF/LF","27","","-0.281626790761948","-0.3"
"Lucas Duda","2502","Mets","LF","92","","-0.281919091939926","-0.3"
"Omar Beltre","10259","Rangers","P","","7.0","-0.28314796090126","-0.3"
"Dustin Nippert","4426","Rangers","P","","56.2","-0.269770860671997","-0.3"
"Jordan Zimmermann","4505","Nationals","P","","31.0","-0.29606157541275","-0.3"
"Eric Patterson","9072","- - -","LF","204","","-0.286068864166737","-0.3"
"Frank Catalanotto","1241","Mets","1B/LF","26","","-0.287165760993958","-0.3"
"Jesse Carlson","4391","Blue Jays","P","","13.2","-0.287609249353409","-0.3"
"Gil Meche","1089","Royals","P","","61.2","-0.288055807352066","-0.3"
"Ryan Church","2106","- - -","RF/LF","238","","-0.291084945201874","-0.3"
"Chris Tillman","5279","Orioles","P","","53.2","-0.28175413608551","-0.3"
"Charlie Haeger","3545","Dodgers","P","","30.0","-0.242925554513931","-0.3"
"Willy Aybar","2192","Rays","DH","309","","-0.296826839447021","-0.3"
"Augie Ojeda","297","Diamondbacks","2B/3B/SS","92","","-0.301501244306564","-0.3"
"Mike Fontenot","3912","- - -","2B","261","","-0.302773784846067","-0.3"
"Cesar Izturis","656","Orioles","SS","513","","-0.303355097770691","-0.3"
"Jeff Weaver","503","Dodgers","P","","44.1","-0.316412270069122","-0.3"
"Argenis Diaz","6403","Pirates","SS","36","","-0.308728516101837","-0.3"
"Ryota Igarashi","10232","Mets","P","","30.1","-0.309787303209305","-0.3"
"Enrique Gonzalez","2568","Tigers","P","","26.0","-0.312593519687653","-0.3"
"Dustin Richardson","2548","Red Sox","P","","13.0","-0.314895659685135","-0.3"
"Randy Ruiz","2761","Blue Jays","1B/DH","40","","-0.315927267074585","-0.3"
"Jeff Clement","4652","Pirates","1B","154","","-0.316060841083527","-0.3"
"Marcos Mateo","6869","Cubs","P","","21.2","-0.288192361593246","-0.3"
"Brent Lillibridge","3501","White Sox","2B/DH","101","","-0.31949707865715","-0.3"
"Oscar Salazar","495","Padres","LF","148","","-0.320683836936951","-0.3"
"Scott Sizemore","2881","Tigers","2B","163","","-0.321367830038071","-0.3"
"Dan Meyer","4402","Marlins","P","","9.1","-0.32227811217308","-0.3"
"Everth Cabrera","8155","Padres","SS","241","","-0.325953722000122","-0.3"
"Dave Bush","4635","Brewers","P","","174.1","-0.328894168138504","-0.3"
"Fernando Cabrera","2105","Red Sox","P","","1.1","-0.330004006624222","-0.3"
"Jordan Smith","9515","Reds","P","","42.0","-0.288981944322586","-0.3"
"Chris Iannetta","8267","Rockies","C","223","","-0.33174267411232","-0.3"
"Josh Donaldson","5038","Athletics","C/DH","34","","-0.334897041320801","-0.3"
"Brandon Boggs","8021","Rangers","RF/LF","8","","-0.337062537670135","-0.3"
"Justin Berg","1973","Cubs","P","","40.0","-0.340951681137085","-0.3"
"Mike Carp","7480","Mariners","1B","41","","-0.341328680515289","-0.3"
"Steven Jackson","7341","Pirates","P","","11.1","-0.342335760593414","-0.3"
"Ramon Ortiz","27","Dodgers","P","","30.0","-0.277224779129028","-0.3"
"Ruben Tejada","5519","Mets","2B/SS","255","","-0.344142735004425","-0.3"
"Ross Detwiler","2859","Nationals","P","","29.2","-0.25501549243927","-0.4"
"Kevin Mench","1261","Nationals","LF","29","","-0.350831657648087","-0.4"
"Esmerling Vasquez","5280","Diamondbacks","P","","53.2","-0.325996309518814","-0.4"
"Brett Hayes","4293","Marlins","C","83","","-0.355360686779022","-0.4"
"Mike Lamb","1258","Marlins","1B","40","","-0.358114302158356","-0.4"
"John Grabow","1848","Cubs","P","","25.2","-0.360447883605957","-0.4"
"Hector Ambriz","559","Indians","P","","48.1","-0.360454946756363","-0.4"
"Blake Wood","1345","Royals","P","","49.2","-0.36090612411499","-0.4"
"Trevor Plouffe","7462","Twins","SS/DH","44","","-0.363355338573456","-0.4"
"Jeff Stevens","3367","Cubs","P","","17.2","-0.368159204721451","-0.4"
"Chris Nelson","8175","Rockies","2B/3B","27","","-0.373506933450699","-0.4"
"Casey Daigle","1880","Astros","P","","10.1","-0.383514761924744","-0.4"
"Jeff Samardzija","3254","Cubs","P","","19.1","-0.510013282299042","-0.4"
"Justin Turner","5235","- - -","2B","18","","-0.390169978141785","-0.4"
"Hector Luna","1874","Marlins","3B","30","","-0.390462160110474","-0.4"
"Adam Ottavino","1247","Cardinals","P","","22.1","-0.37113031744957","-0.4"
"John Parrish","160","Royals","P","","6.0","-0.407035917043686","-0.4"
"Cla Meredith","7613","Orioles","P","","15.0","-0.408997237682343","-0.4"
"Brian Stokes","8653","Angels","P","","16.2","-0.412083834409714","-0.4"
"Cristian Guzman","728","- - -","2B","396","","-0.412272036075592","-0.4"
"James Russell","4089","Cubs","P","","49.0","-0.358195453882217","-0.4"
"Cole Gillespie","5888","Diamondbacks","LF","113","","-0.415665328502655","-0.4"
"Justin Smoak","9054","- - -","1B","397","","-0.425124645233154","-0.4"
"Russ Mitchell","5848","Dodgers","1B/3B/LF","43","","-0.42529284954071","-0.4"
"Peter Moylan","4891","Braves","P","","63.2","-0.427756190299988","-0.4"
"Jason Castro","8722","Astros","C","217","","-0.43098059296608","-0.4"
"Danys Baez","367","Phillies","P","","47.2","-0.432410776615143","-0.4"
"Alberto Castillo","3316","Orioles","P","","10.2","-0.434352040290833","-0.4"
"Travis Buck","4646","Athletics","LF","48","","-0.441430151462555","-0.4"
"Eric Young Jr.","7158","Rockies","2B","189","","-0.446222931146622","-0.4"
"Nick Stavinoha","3909","Cardinals","RF","126","","-0.452800214290619","-0.5"
"Mike Lowell","527","Red Sox","1B/DH","244","","-0.45379576086998","-0.5"
"Ramon Troncoso","4685","Dodgers","P","","54.0","-0.472698628902435","-0.5"
"John Maine","4773","Mets","P","","39.2","-0.270098179578781","-0.5"
"Miguel Batista","46","Nationals","P","","82.2","-0.434281408786774","-0.5"
"Adalberto Mendez","3752","Marlins","P","","24.2","-0.548738718032837","-0.5"
"Colin Curtis","6288","Yankees","RF/LF","64","","-0.476966768503189","-0.5"
"Cory Sullivan","1940","Astros","LF","71","","-0.480499625205994","-0.5"
"Jorge Cantu","2521","- - -","1B/3B","515","","-0.48066683113575","-0.5"
"Jason Marquis","105","Nationals","P","","58.2","-0.430424690246582","-0.5"
"Max Ramirez","5039","Rangers","C","85","","-0.485739767551422","-0.5"
"Jeff Larish","5128","- - -","1B/LF","75","","-0.489232495427132","-0.5"
"Joaquin Arias","3817","- - -","2B","134","","-0.497577697038651","-0.5"
"Julio Lugo","565","Orioles","2B/SS","264","","-0.501275837421417","-0.5"
"A.J. Ellis","5677","Dodgers","C","128","","-0.502145349979401","-0.5"
"J.C. Romero","754","Phillies","P","","36.2","-0.502529501914978","-0.5"
"Doug Mathis","3944","Rangers","P","","22.1","-0.503879904747009","-0.5"
"George Sherrill","6291","Dodgers","P","","36.1","-0.550286531448364","-0.5"
"Andrew Miller","6785","Marlins","P","","32.2","-0.383955061435699","-0.5"
"Charlie Morton","4676","Pirates","P","","79.2","-0.217263802886009","-0.5"
"Gabe Gross","2184","Athletics","RF/LF","244","","-0.510862469673157","-0.5"
"Eric Byrnes","905","Mariners","LF/DH","38","","-0.511339545249939","-0.5"
"Michael Brantley","4106","Indians","CF","325","","-0.517847239971161","-0.5"
"Ryan Theriot","3811","- - -","2B","640","","-0.520585745573044","-0.5"
"Josh Bell","2510","Orioles","3B","161","","-0.523524105548859","-0.5"
"Jason Kendall","993","Royals","C","490","","-0.525898337364197","-0.5"
"Todd Helton","432","Rockies","1B","473","","-0.531788289546967","-0.5"
"Micah Hoffpauir","4342","Cubs","1B","57","","-0.537629067897797","-0.5"
"Bobby Crosby","1818","- - -","2B/SS","189","","-0.539465948939323","-0.5"
"Scot Shields","35","Angels","P","","46.0","-0.530928015708923","-0.5"
"Trevor Hoffman","1035","Brewers","P","","47.1","-0.53060656785965","-0.5"
"Franklin Morales","5088","Rockies","P","","28.2","-0.552331507205963","-0.6"
"Trevor Crowe","3402","Indians","CF/LF","479","","-0.553989708423615","-0.6"
"Randy Flores","1446","- - -","P","","31.0","-0.557422965764999","-0.6"
"Ian Snell","2227","Mariners","P","","46.1","-0.561846196651459","-0.6"
"Bryan Petersen","2567","Marlins","LF","25","","-0.562660872936249","-0.6"
"Kevin Frandsen","7528","Angels","3B","173","","-0.570036709308624","-0.6"
"Chris Sampson","2651","Astros","P","","30.1","-0.571263074874878","-0.6"
"Jordan Norberto","8432","Diamondbacks","P","","20.0","-0.571953773498535","-0.6"
"Robb Quinlan","1779","Angels","1B","36","","-0.577394664287567","-0.6"
"Anthony Lerew","3440","Royals","P","","26.1","-0.555084228515625","-0.6"
"Gabe Kapler","1256","Rays","RF","140","","-0.586702227592468","-0.6"
"Jesse Chavez","5448","- - -","P","","62.2","-0.576754972338676","-0.6"
"Jeff Mathis","3448","Angels","C","218","","-0.592110574245453","-0.6"
"Rodrigo Lopez","150","Diamondbacks","P","","200.0","-0.0848197564482689","-0.6"
"Lucas May","5633","Royals","C","39","","-0.594538390636444","-0.6"
"Alex Cora","1386","- - -","2B","194","","-0.598690405488014","-0.6"
"Luis Mendoza","3126","Royals","P","","4.0","-0.609657466411591","-0.6"
"Wes Helms","94","Marlins","3B","287","","-0.611210465431213","-0.6"
"Taylor Tankersley","8249","Marlins","P","","12.0","-0.613104462623596","-0.6"
"Alex Gordon","5209","Royals","LF","281","","-0.616238415241241","-0.6"
"Skip Schumaker","3704","Cardinals","2B","529","","-0.623858213424683","-0.6"
"Adam Lind","8027","Blue Jays","DH","613","","-0.623991250991821","-0.6"
"Ryan Garko","6319","Rangers","1B/DH","38","","-0.625494599342346","-0.6"
"Robert Manuel","817","Red Sox","P","","12.2","-0.627740442752838","-0.6"
"Andrew Cashner","8782","Cubs","P","","54.1","-0.587518632411957","-0.6"
"Mark DeRosa","1392","Giants","2B/LF","104","","-0.634278297424316","-0.6"
"Manny Delcarmen","3180","- - -","P","","52.1","-0.627041310071945","-0.6"
"Lance Cormier","4346","Rays","P","","62.0","-0.642530083656311","-0.6"
"Tony Sipp","8280","Indians","P","","63.0","-0.65170419216156","-0.7"
"Rich Harden","1772","Rangers","P","","92.0","-0.629794538021088","-0.7"
"Domonic Brown","3154","Phillies","RF","70","","-0.661335945129395","-0.7"
"Bob Howry","237","- - -","P","","35.0","-0.666136153042316","-0.7"
"Eric Chavez","906","Athletics","DH","123","","-0.667591154575348","-0.7"
"Nolan Reimold","3441","Orioles","LF/DH","131","","-0.66898113489151","-0.7"
"Willie Bloomquist","1066","- - -","RF","199","","-0.670216381549835","-0.7"
"Mike Redmond","538","Indians","C","68","","-0.677079200744629","-0.7"
"Jason Kubel","2161","Twins","RF/DH","582","","-0.686453580856323","-0.7"
"Lou Montanez","2923","Orioles","LF","58","","-0.686553597450256","-0.7"
"Sean Gallagher","8261","- - -","P","","57.2","-0.641612440347672","-0.7"
"Brendan Donnelly","1441","Pirates","P","","30.2","-0.70521491765976","-0.7"
"Daniel McCutchen","263","Pirates","P","","67.2","-0.655108451843262","-0.7"
"Chris Davis","9272","Rangers","1B","136","","-0.711083710193634","-0.7"
"Matt LaPorta","2280","Indians","1B","425","","-0.721693158149719","-0.7"
"Victor Marte","5158","Royals","P","","27.2","-0.72302633523941","-0.7"
"Angel Sanchez","3492","- - -","SS","272","","-0.734932363033295","-0.7"
"Xavier Nady","1658","Cubs","1B/RF","347","","-0.739985525608063","-0.7"
"Kaz Matsui","1854","Astros","2B","78","","-0.751814544200897","-0.8"
"Yamaico Navarro","5665","Red Sox","SS","46","","-0.751865923404694","-0.8"
"Alfredo Simon","2155","Orioles","P","","49.1","-0.755782902240753","-0.8"
"Andy LaRoche","6444","Pirates","3B","271","","-0.757430195808411","-0.8"
"Chris Carter","9911","Athletics","LF","78","","-0.785691976547241","-0.8"
"Matt Tuiasosopo","8272","Mariners","3B/LF","138","","-0.797632277011871","-0.8"
"Jason Jaramillo","8358","Pirates","C","97","","-0.803980588912964","-0.8"
"Carlos Monasterios","2506","Dodgers","P","","88.1","-0.668882429599762","-0.8"
"Joe Mather","3714","Cardinals","CF","64","","-0.653088688850403","-0.8"
"Jake Fox","6267","- - -","C/DH","211","","-0.812280803918839","-0.8"
"Tommy Manzella","3789","Astros","SS","282","","-0.820838153362274","-0.8"
"Jeremy Hermida","7208","- - -","RF/LF","239","","-0.854386148974299","-0.9"
"Randy Winn","1235","- - -","RF/LF","233","","-0.871410638093948","-0.9"
"Ryan Spilborghs","4521","Rockies","RF/LF","388","","-0.901911079883575","-0.9"
"Jorge Posada","841","Yankees","C/DH","451","","-0.905603468418121","-0.9"
"Todd Wellemeyer","1709","Giants","P","","58.2","-0.806000471115112","-0.9"
"Mark Teahen","4511","White Sox","3B","262","","-0.928934037685394","-0.9"
"Fernando Nieve","2173","Mets","P","","42.0","-0.904213070869446","-0.9"
"Ken Griffey Jr.","327","Mariners","DH","108","","-0.942071139812469","-0.9"
"Brendan Harris","2178","Twins","3B/SS","120","","-0.943242788314819","-0.9"
"Greg Dobbs","2158","Phillies","3B","176","","-0.985618114471436","-1.0"
"Blake Hawksworth","8963","Cardinals","P","","90.1","-0.778705596923828","-1.0"
"Chad Gaudin","1783","- - -","P","","65.1","-1.03478267788887","-1.0"
"Scott Kazmir","4897","Angels","P","","150.0","-0.96082329750061","-1.0"
"Oliver Perez","1514","Mets","P","","46.1","-1.05954360961914","-1.1"
"Tony Abreu","5053","Diamondbacks","2B/3B/SS","201","","-1.10508346557617","-1.1"
"Kevin Cash","1593","- - -","C","129","","-1.1140770316124","-1.1"
"Lou Marson","7610","Indians","C","294","","-1.11459040641785","-1.1"
"Juan Gutierrez","3265","Diamondbacks","P","","56.2","-1.11466288566589","-1.1"
"Bengie Molina","24","- - -","C","416","","-1.11522391438484","-1.1"
"Garrett Atkins","1790","Orioles","1B","152","","-1.17885041236877","-1.2"
"Mark Kotsay","1042","White Sox","1B/DH","359","","-1.21373379230499","-1.2"
"Garret Anderson","2","Dodgers","LF","163","","-1.2674812078476","-1.3"
"Luis Valbuena","4969","Indians","2B","310","","-1.28981328010559","-1.3"
"John Hester","877","Diamondbacks","C","106","","-1.30580508708954","-1.3"
"Koyie Hill","1829","Cubs","C","231","","-1.31668889522552","-1.3"
"Juan Castro","315","- - -","SS","140","","-1.34193474799395","-1.3"
"Brian Tallet","1646","Blue Jays","P","","77.1","-1.32966029644012","-1.3"
"Nate McLouth","3190","Braves","CF","288","","-1.39722311496735","-1.4"
"Melky Cabrera","4022","Braves","CF/LF","509","","-1.4713830947876","-1.5"
"Ryan Rowland-Smith","3245","Mariners","P","","109.1","-1.52380955219269","-1.6"
"Brandon Wood","6592","Angels","3B/SS","243","","-1.67482197284698","-1.7"
"Casey Kotchman","1930","Mariners","1B","457","","-1.69754207134247","-1.7"
"Rob Johnson","8029","Mariners","C","209","","-1.7219363451004","-1.7"
"Carlos Lee","243","Astros","LF","649","","-1.72683882713318","-1.7"
"Akinori Iwamura","7781","- - -","2B","229","","-1.93968975543976","-1.9"
"Ryan Doumit","2113","Pirates","C","456","","-2.20753169059753","-2.2"
"Pedro Feliz","1112","- - -","3B","429","","-2.30160510540009","-2.3"
"Gerald Laird","1698","Tigers","C","299","","-2.38540387153625","-2.4"
"Adam Moore","9362","Mariners","C","218","","-2.40264892578125","-2.4"
